data;0;1;2;3;4;5;6;7;8;9;10;11;12;13;14;15;16;17;18;19
01-01-1974;241,0;252,0;252,0;252,0;252,0;252,0;252,0;252,0;252,0;252,0;347,9;347,9;252,0;252,0;241,0;252,0;241,0;241,0;252,0;241,0
01-02-1974;162,0;128,0;128,0;128,0;128,0;128,0;128,0;128,0;128,0;128,0;173,2;173,2;128,0;128,0;162,0;128,0;162,0;162,0;128,0;162,0
01-03-1974;378,0;304,0;304,0;304,0;304,0;304,0;304,0;304,0;304,0;304,0;492,5;492,5;304,0;304,0;378,0;304,0;378,0;378,0;304,0;378,0
01-04-1974;150,0;510,0;510,0;510,0;510,0;510,0;510,0;510,0;510,0;510,0;609,5;609,5;510,0;510,0;150,0;510,0;150,0;150,0;510,0;150,0
01-05-1974;334,0;494,0;494,0;494,0;494,0;494,0;494,0;494,0;494,0;494,0;350,4;350,4;494,0;494,0;334,0;494,0;334,0;334,0;494,0;334,0
01-06-1974;77,0;133,0;133,0;133,0;133,0;133,0;133,0;133,0;133,0;133,0;116,6;116,6;133,0;133,0;77,0;133,0;77,0;77,0;133,0;77,0
01-07-1974;0,0;0,0;0,0;0,0;0,0;0,0;0,0;0,0;0,0;0,0;7,0;7,0;0,0;0,0;0,0;0,0;0,0;0,0;0,0;0,0
01-08-1974;0,0;0,0;0,0;0,0;0,0;0,0;0,0;0,0;0,0;0,0;5,6;5,6;0,0;0,0;0,0;0,0;0,0;0,0;0,0;0,0
01-09-1974;0,0;0,0;0,0;0,0;0,0;0,0;0,0;0,0;0,0;0,0;6,2;6,2;0,0;0,0;0,0;0,0;0,0;0,0;0,0;0,0
01-10-1974;0,0;0,0;0,0;0,0;0,0;0,0;0,0;0,0;0,0;0,0;5,3;5,3;0,0;0,0;0,0;0,0;0,0;0,0;0,0;0,0
01-11-1974;0,0;0,0;0,0;0,0;0,0;0,0;0,0;0,0;0,0;0,0;1,2;1,2;0,0;0,0;0,0;0,0;0,0;0,0;0,0;0,0
01-12-1974;20,0;0,0;0,0;0,0;0,0;0,0;0,0;0,0;0,0;0,0;84,9;84,9;0,0;0,0;20,0;0,0;20,0;20,0;0,0;20,0
01-01-1975;96,7;40,0;40,0;40,0;40,0;40,0;40,0;40,0;40,0;40,0;95,9;95,9;40,0;40,0;96,7;40,0;96,7;96,7;40,0;96,7
01-02-1975;181,3;169,0;169,0;169,0;169,0;169,0;169,0;169,0;169,0;169,0;90,1;90,1;169,0;169,0;181,3;169,0;181,3;181,3;169,0;181,3
01-03-1975;356,9;280,0;280,0;280,0;280,0;280,0;280,0;280,0;280,0;280,0;412,1;412,1;280,0;280,0;356,9;280,0;356,9;356,9;280,0;356,9
01-04-1975;357,7;214,0;214,0;214,0;214,0;214,0;214,0;214,0;214,0;214,0;280,2;280,2;214,0;214,0;357,7;214,0;357,7;357,7;214,0;357,7
01-05-1975;344,0;239,0;239,0;239,0;239,0;239,0;239,0;239,0;239,0;239,0;292,1;292,1;239,0;239,0;344,0;239,0;344,0;344,0;239,0;344,0
01-06-1975;54,8;0,0;0,0;0,0;0,0;0,0;0,0;0,0;0,0;0,0;72,0;72,0;0,0;0,0;54,8;0,0;54,8;54,8;0,0;54,8
01-07-1975;25,6;0,0;0,0;0,0;0,0;0,0;0,0;0,0;0,0;0,0;63,9;63,9;0,0;0,0;25,6;0,0;25,6;25,6;0,0;25,6
01-08-1975;0,0;0,0;0,0;0,0;0,0;0,0;0,0;0,0;0,0;0,0;0,0;0,0;0,0;0,0;0,0;0,0;0,0;0,0;0,0;0,0
01-09-1975;0,0;0,0;0,0;0,0;0,0;0,0;0,0;0,0;0,0;0,0;58,0;58,0;0,0;0,0;0,0;0,0;0,0;0,0;0,0;0,0
01-10-1975;0,0;0,0;0,0;0,0;0,0;0,0;0,0;0,0;0,0;0,0;2,9;2,9;0,0;0,0;0,0;0,0;0,0;0,0;0,0;0,0
01-11-1975;0,0;0,0;0,0;0,0;0,0;0,0;0,0;0,0;0,0;0,0;1,2;1,2;0,0;0,0;0,0;0,0;0,0;0,0;0,0;0,0
01-12-1975;10,9;42,0;42,0;42,0;42,0;42,0;42,0;42,0;42,0;42,0;47,4;47,4;42,0;42,0;10,9;42,0;10,9;10,9;42,0;10,9
01-01-1976;12,0;64,0;12,0;64,0;64,0;64,0;64,0;64,0;64,0;64,0;38,7;38,7;64,0;64,0;20,0;64,0;20,0;20,0;64,0;20,0
01-02-1976;217,6;229,0;217,6;229,0;229,0;229,0;229,0;229,0;229,0;229,0;496,3;496,3;229,0;229,0;248,0;229,0;248,0;248,0;229,0;248,0
01-03-1976;270,3;155,0;270,3;155,0;155,0;155,0;155,0;155,0;155,0;155,0;245,0;245,0;155,0;155,0;121,0;155,0;121,0;121,0;155,0;121,0
01-04-1976;133,3;227,0;133,3;227,0;227,0;227,0;227,0;227,0;227,0;227,0;264,9;264,9;227,0;227,0;173,8;227,0;173,8;173,8;227,0;173,8
01-05-1976;239,2;32,8;239,2;239,2;239,2;15,0;32,8;32,8;15,0;15,0;32,8;32,8;15,0;15,0;15,0;15,0;15,0;15,0;15,0;15,0
01-06-1976;12,3;3,0;12,3;3,0;3,0;3,0;3,0;3,0;3,0;3,0;13,2;13,2;3,0;3,0;10,0;3,0;10,0;10,0;3,0;10,0
01-07-1976;12,7;0,0;12,7;0,0;0,0;0,0;0,0;0,0;0,0;0,0;37,1;37,1;0,0;0,0;0,0;0,0;0,0;0,0;0,0;0,0
01-08-1976;7,5;0,0;7,5;0,0;0,0;0,0;0,0;0,0;0,0;0,0;5,0;5,0;0,0;0,0;0,0;0,0;0,0;0,0;0,0;0,0
01-09-1976;0,0;0,0;0,0;0,0;0,0;0,0;0,0;0,0;0,0;0,0;1,8;1,8;0,0;0,0;0,0;0,0;0,0;0,0;0,0;0,0
01-10-1976;0,0;0,0;0,0;0,0;0,0;0,0;0,0;0,0;0,0;0,0;15,7;15,7;0,0;0,0;0,0;0,0;0,0;0,0;0,0;0,0
01-11-1976;0,0;21,0;0,0;21,0;21,0;21,0;21,0;21,0;21,0;21,0;3,6;3,6;21,0;21,0;0,0;21,0;0,0;0,0;21,0;0,0
01-12-1976;0,0;0,0;0,0;0,0;0,0;0,0;0,0;0,0;0,0;0,0;15,8;15,8;0,0;0,0;0,0;0,0;0,0;0,0;0,0;0,0
01-01-1977;171,5;175,7;175,7;175,7;175,7;175,7;175,7;175,7;175,7;175,7;175,7;175,7;175,7;175,7;175,7;175,7;139,0;139,0;175,7;139,0
01-02-1977;269,0;83,6;83,6;83,6;83,6;83,6;83,6;83,6;83,6;83,6;83,6;83,6;83,6;83,6;83,6;83,6;156,0;156,0;83,6;156,0
01-03-1977;244,0;253,2;253,2;253,2;253,2;253,2;253,2;253,2;253,2;253,2;253,2;253,2;253,2;253,2;253,2;253,2;195,0;195,0;253,2;195,0
01-04-1977;297,0;329,4;329,4;329,4;329,4;329,4;329,4;329,4;329,4;329,4;329,4;329,4;329,4;329,4;329,4;329,4;219,0;219,0;329,4;219,0
01-05-1977;258,3;197,4;197,4;197,4;197,4;197,4;197,4;197,4;197,4;197,4;197,4;197,4;197,4;197,4;197,4;197,4;123,0;123,0;197,4;123,0
01-06-1977;135,1;241,6;241,6;241,6;241,6;241,6;241,6;241,6;241,6;241,6;241,6;241,6;241,6;241,6;241,6;241,6;13,0;13,0;241,6;13,0
01-07-1977;161,0;97,6;97,6;97,6;97,6;97,6;97,6;97,6;97,6;97,6;97,6;97,6;97,6;97,6;97,6;97,6;22,0;22,0;97,6;22,0
01-08-1977;94,5;0,0;0,0;0,0;0,0;0,0;0,0;0,0;0,0;0,0;0,0;0,0;0,0;0,0;0,0;0,0;9,0;9,0;0,0;9,0
01-09-1977;34,4;3,2;3,2;3,2;3,2;3,2;3,2;3,2;3,2;3,2;3,2;3,2;3,2;3,2;3,2;3,2;0,0;0,0;3,2;0,0
01-10-1977;0,0;1,2;1,2;1,2;1,2;1,2;1,2;1,2;1,2;1,2;1,2;1,2;1,2;1,2;1,2;1,2;0,0;0,0;1,2;0,0
01-11-1977;0,0;0,0;0,0;0,0;0,0;0,0;0,0;0,0;0,0;0,0;0,0;0,0;0,0;0,0;0,0;0,0;0,0;0,0;0,0;0,0
01-12-1977;11,0;0,0;0,0;0,0;0,0;0,0;0,0;0,0;0,0;0,0;0,0;0,0;0,0;0,0;0,0;0,0;0,0;0,0;0,0;0,0
01-01-1978;16,0;3,0;3,0;3,0;3,0;3,0;3,0;3,0;3,0;3,0;3,0;3,0;3,0;3,0;3,0;3,0;38,3;38,3;3,0;38,3
01-02-1978;191,0;150,0;150,0;150,0;150,0;150,0;150,0;150,0;150,0;150,0;150,0;150,0;150,0;150,0;150,0;150,0;78,2;78,2;150,0;78,2
01-03-1978;86,0;72,0;72,0;72,0;72,0;72,0;72,0;72,0;72,0;72,0;72,0;72,0;72,0;72,0;72,0;72,0;25,2;25,2;72,0;25,2
01-04-1978;184,0;88,9;88,9;88,9;88,9;88,9;88,9;88,9;88,9;88,9;88,9;88,9;88,9;88,9;88,9;88,9;70,7;70,7;88,9;70,7
01-05-1978;164,0;214,7;214,7;214,7;214,7;214,7;214,7;214,7;214,7;214,7;214,7;214,7;214,7;214,7;214,7;214,7;326,5;326,5;214,7;326,5
01-06-1978;36,0;104,5;104,5;104,5;104,5;104,5;104,5;104,5;104,5;104,5;104,5;104,5;104,5;104,5;104,5;104,5;0,0;0,0;104,5;0,0
01-07-1978;20,0;141,8;141,8;141,8;141,8;141,8;141,8;141,8;141,8;141,8;141,8;141,8;141,8;141,8;141,8;141,8;0,0;0,0;141,8;0,0
01-08-1978;3,0;0,0;0,0;0,0;0,0;0,0;0,0;0,0;0,0;0,0;0,0;0,0;0,0;0,0;0,0;0,0;0,0;0,0;0,0;0,0
01-09-1978;14,0;8,2;8,2;8,2;8,2;8,2;8,2;8,2;8,2;8,2;8,2;8,2;8,2;8,2;8,2;8,2;0,0;0,0;8,2;0,0
01-10-1978;9,0;0,0;0,0;0,0;0,0;0,0;0,0;0,0;0,0;0,0;0,0;0,0;0,0;0,0;0,0;0,0;0,0;0,0;0,0;0,0
01-11-1978;4,0;0,0;0,0;0,0;0,0;0,0;0,0;0,0;0,0;0,0;0,0;0,0;0,0;0,0;0,0;0,0;0,0;0,0;0,0;0,0
01-12-1978;33,0;0,0;0,0;0,0;0,0;0,0;0,0;0,0;0,0;0,0;0,0;0,0;0,0;0,0;0,0;0,0;0,0;0,0;0,0;0,0
01-01-1979;22,0;6,2;6,2;6,2;6,2;6,2;6,2;6,2;6,2;6,2;6,2;6,2;6,2;6,2;6,2;6,2;38,3;38,3;6,2;38,3
01-02-1979;57,3;61,6;61,6;61,6;61,6;61,6;61,6;61,6;61,6;61,6;61,6;61,6;61,6;61,6;61,6;61,6;136,1;136,1;61,6;136,1
01-03-1979;148,8;150,4;150,4;150,4;150,4;150,4;150,4;150,4;150,4;150,4;150,4;150,4;150,4;150,4;150,4;150,4;191,9;191,9;150,4;191,9
01-04-1979;126,0;178,8;178,8;178,8;178,8;178,8;178,8;178,8;178,8;178,8;178,8;178,8;178,8;178,8;178,8;178,8;95,8;95,8;178,8;95,8
01-05-1979;169,7;279,8;279,8;279,8;279,8;279,8;279,8;279,8;279,8;279,8;279,8;279,8;279,8;279,8;279,8;279,8;186,7;186,7;279,8;186,7
01-06-1979;22,2;51,5;51,5;51,5;51,5;51,5;51,5;51,5;51,5;51,5;51,5;51,5;51,5;51,5;51,5;51,5;0,0;0,0;51,5;0,0
01-07-1979;0,0;3,2;3,2;3,2;3,2;3,2;3,2;3,2;3,2;3,2;3,2;3,2;3,2;3,2;3,2;3,2;0,0;0,0;3,2;0,0
01-08-1979;10,7;2,3;2,3;2,3;2,3;2,3;2,3;2,3;2,3;2,3;2,3;2,3;2,3;2,3;2,3;2,3;0,0;0,0;2,3;0,0
01-09-1979;0,0;3,5;3,5;3,5;3,5;3,5;3,5;3,5;3,5;3,5;3,5;3,5;3,5;3,5;3,5;3,5;0,0;0,0;3,5;0,0
01-10-1979;0,0;4,5;4,5;4,5;4,5;4,5;4,5;4,5;4,5;4,5;4,5;4,5;4,5;4,5;4,5;4,5;0,0;0,0;4,5;0,0
01-11-1979;0,0;3,2;3,2;3,2;3,2;3,2;3,2;3,2;3,2;3,2;3,2;3,2;3,2;3,2;3,2;3,2;0,0;0,0;3,2;0,0
01-12-1979;0,0;3,1;3,1;3,1;3,1;3,1;3,1;3,1;3,1;3,1;3,1;3,1;3,1;3,1;3,1;3,1;0,0;0,0;3,1;0,0
01-01-1980;98,1;239,0;239,0;239,0;239,0;239,0;239,0;239,0;239,0;239,0;239,0;239,0;239,0;239,0;239,0;239,0;84,3;84,3;239,0;84,3
01-02-1980;312,5;373,5;373,5;373,5;373,5;373,5;373,5;373,5;373,5;373,5;373,5;373,5;373,5;373,5;373,5;373,5;314,2;314,2;373,5;314,2
01-03-1980;189,6;160,0;160,0;160,0;160,0;160,0;160,0;160,0;160,0;160,0;160,0;160,0;160,0;160,0;160,0;160,0;205,9;205,9;160,0;205,9
01-04-1980;52,0;27,1;27,1;27,1;27,1;27,1;27,1;27,1;27,1;27,1;27,1;27,1;27,1;27,1;27,1;27,1;15,9;15,9;27,1;15,9
01-05-1980;91,9;43,0;43,0;43,0;43,0;43,0;43,0;43,0;43,0;43,0;43,0;43,0;43,0;43,0;43,0;43,0;22,2;22,2;43,0;22,2
01-06-1980;46,6;32,8;32,8;32,8;32,8;32,8;32,8;32,8;32,8;32,8;32,8;32,8;32,8;32,8;32,8;32,8;0,0;0,0;32,8;0,0
01-07-1980;0,0;37,7;37,7;37,7;37,7;37,7;37,7;37,7;37,7;37,7;37,7;37,7;37,7;37,7;37,7;37,7;0,0;0,0;37,7;0,0
01-08-1980;0,0;0,0;0,0;0,0;0,0;0,0;0,0;0,0;0,0;0,0;0,0;0,0;0,0;0,0;0,0;0,0;0,0;0,0;0,0;0,0
01-09-1980;35,0;8,5;8,5;8,5;8,5;8,5;8,5;8,5;8,5;8,5;8,5;8,5;8,5;8,5;8,5;8,5;0,0;0,0;8,5;0,0
01-10-1980;0,0;0,0;0,0;0,0;0,0;0,0;0,0;0,0;0,0;0,0;0,0;0,0;0,0;0,0;0,0;0,0;0,0;0,0;0,0;0,0
01-11-1980;0,0;0,0;0,0;0,0;0,0;0,0;0,0;0,0;0,0;0,0;0,0;0,0;0,0;0,0;0,0;0,0;0,0;0,0;0,0;0,0
01-12-1980;0,0;5,5;5,5;5,5;5,5;5,5;5,5;5,5;5,5;5,5;5,5;5,5;5,5;5,5;5,5;5,5;0,0;0,0;5,5;0,0
01-01-1981;28,8;28,0;28,0;28,0;28,0;28,0;28,0;28,0;28,0;28,0;28,0;28,0;28,0;28,0;28,0;28,0;50,0;50,0;28,0;50,0
01-02-1981;84,0;90,4;90,4;90,4;90,4;90,4;90,4;90,4;90,4;90,4;90,4;90,4;90,4;90,4;90,4;90,4;6,0;6,0;90,4;6,0
01-03-1981;419,3;359,6;359,6;359,6;359,6;359,6;359,6;359,6;359,6;359,6;359,6;359,6;359,6;359,6;359,6;359,6;553,0;553,0;359,6;553,0
01-04-1981;60,0;163,4;163,4;163,4;163,4;163,4;163,4;163,4;163,4;163,4;163,4;163,4;163,4;163,4;163,4;163,4;3,0;3,0;163,4;3,0
01-05-1981;80,0;231,8;231,8;231,8;231,8;231,8;231,8;231,8;231,8;231,8;231,8;231,8;231,8;231,8;231,8;231,8;24,0;24,0;231,8;24,0
01-06-1981;0,0;20,4;20,4;20,4;20,4;20,4;20,4;20,4;20,4;20,4;20,4;20,4;20,4;20,4;20,4;20,4;0,0;0,0;20,4;0,0
01-07-1981;0,0;4,2;4,2;4,2;4,2;4,2;4,2;4,2;4,2;4,2;4,2;4,2;4,2;4,2;4,2;4,2;0,0;0,0;4,2;0,0
01-08-1981;0,0;0,0;0,0;0,0;0,0;0,0;0,0;0,0;0,0;0,0;0,0;0,0;0,0;0,0;0,0;0,0;0,0;0,0;0,0;0,0
01-09-1981;0,0;0,0;0,0;0,0;0,0;0,0;0,0;0,0;0,0;0,0;0,0;0,0;0,0;0,0;0,0;0,0;0,0;0,0;0,0;0,0
01-10-1981;0,0;0,0;0,0;0,0;0,0;0,0;0,0;0,0;0,0;0,0;0,0;0,0;0,0;0,0;0,0;0,0;0,0;0,0;0,0;0,0
01-11-1981;0,0;0,0;0,0;0,0;0,0;0,0;0,0;0,0;0,0;0,0;0,0;0,0;0,0;0,0;0,0;0,0;0,0;0,0;0,0;0,0
01-12-1981;0,0;27,7;27,7;27,7;27,7;27,7;27,7;27,7;27,7;27,7;27,7;27,7;27,7;27,7;27,7;27,7;31,0;31,0;27,7;31,0
01-01-1982;488,3;103,5;103,5;103,5;103,5;103,5;103,5;103,5;103,5;103,5;103,5;103,5;103,5;103,5;103,5;103,5;58,7;58,7;103,5;58,7
01-02-1982;131,4;138,3;138,3;138,3;138,3;138,3;138,3;138,3;138,3;138,3;138,3;138,3;138,3;138,3;138,3;138,3;85,2;85,2;138,3;85,2
01-03-1982;363,7;336,9;336,9;336,9;336,9;336,9;336,9;336,9;336,9;336,9;336,9;336,9;336,9;336,9;336,9;336,9;207,5;207,5;336,9;207,5
01-04-1982;211,6;257,0;257,0;257,0;257,0;257,0;257,0;257,0;257,0;257,0;257,0;257,0;257,0;257,0;257,0;257,0;174,6;174,6;257,0;174,6
01-05-1982;109,0;67,1;67,1;67,1;67,1;67,1;67,1;67,1;67,1;67,1;67,1;67,1;67,1;67,1;67,1;67,1;38,4;38,4;67,1;38,4
01-06-1982;60,0;92,3;92,3;92,3;92,3;92,3;92,3;92,3;92,3;92,3;92,3;92,3;92,3;92,3;92,3;92,3;36,2;36,2;92,3;36,2
01-07-1982;12,5;28,4;28,4;28,4;28,4;28,4;28,4;28,4;28,4;28,4;28,4;28,4;28,4;28,4;28,4;28,4;0,0;0,0;28,4;0,0
01-08-1982;25,1;0,0;0,0;0,0;0,0;0,0;0,0;0,0;0,0;0,0;0,0;0,0;0,0;0,0;0,0;0,0;0,0;0,0;0,0;0,0
01-09-1982;10,0;18,6;18,6;18,6;18,6;18,6;18,6;18,6;18,6;18,6;18,6;18,6;18,6;18,6;18,6;18,6;0,0;0,0;18,6;0,0
01-10-1982;4,5;2,1;2,1;2,1;2,1;2,1;2,1;2,1;2,1;2,1;2,1;2,1;2,1;2,1;2,1;2,1;0,0;0,0;2,1;0,0
01-11-1982;2,8;0,0;0,0;0,0;0,0;0,0;0,0;0,0;0,0;0,0;0,0;0,0;0,0;0,0;0,0;0,0;0,0;0,0;0,0;0,0
01-12-1982;0,0;0,0;0,0;0,0;0,0;0,0;0,0;0,0;0,0;0,0;0,0;0,0;0,0;0,0;0,0;0,0;0,0;0,0;0,0;0,0
01-01-1983;33,6;39,5;39,5;39,5;39,5;39,5;39,5;39,5;39,5;39,5;39,5;39,5;39,5;39,5;39,5;39,5;0,0;0,0;39,5;0,0
01-02-1983;176,8;121,1;121,1;121,1;121,1;121,1;121,1;121,1;121,1;121,1;121,1;121,1;121,1;121,1;121,1;121,1;0,0;0,0;121,1;0,0
01-03-1983;140,7;182,5;182,5;182,5;182,5;182,5;182,5;182,5;182,5;182,5;182,5;182,5;182,5;182,5;182,5;182,5;104,4;104,4;182,5;104,4
01-04-1983;129,0;106,8;106,8;106,8;106,8;106,8;106,8;106,8;106,8;106,8;106,8;106,8;106,8;106,8;106,8;106,8;70,9;70,9;106,8;70,9
01-05-1983;62,0;45,8;45,8;45,8;45,8;45,8;45,8;45,8;45,8;45,8;45,8;45,8;45,8;45,8;45,8;45,8;33,2;33,2;45,8;33,2
01-06-1983;90,2;66,9;66,9;66,9;66,9;66,9;66,9;66,9;66,9;66,9;66,9;66,9;66,9;66,9;66,9;66,9;10,0;10,0;66,9;10,0
01-07-1983;0,0;8,3;8,3;8,3;8,3;8,3;8,3;8,3;8,3;8,3;8,3;8,3;8,3;8,3;8,3;8,3;0,0;0,0;8,3;0,0
01-08-1983;0,0;0,0;0,0;0,0;0,0;0,0;0,0;0,0;0,0;0,0;0,0;0,0;0,0;0,0;0,0;0,0;0,0;0,0;0,0;0,0
01-09-1983;0,0;0,0;0,0;0,0;0,0;0,0;0,0;0,0;0,0;0,0;0,0;0,0;0,0;0,0;0,0;0,0;0,0;0,0;0,0;0,0
01-10-1983;0,0;0,0;0,0;0,0;0,0;0,0;0,0;0,0;0,0;0,0;0,0;0,0;0,0;0,0;0,0;0,0;0,0;0,0;0,0;0,0
01-11-1983;0,0;0,0;0,0;0,0;0,0;0,0;0,0;0,0;0,0;0,0;0,0;0,0;0,0;0,0;0,0;0,0;0,0;0,0;0,0;0,0
01-12-1983;46,0;0,0;0,0;0,0;0,0;0,0;0,0;0,0;0,0;0,0;0,0;0,0;0,0;0,0;0,0;0,0;25,0;25,0;0,0;25,0
01-01-1984;29,8;10,6;10,6;10,6;10,6;10,6;10,6;10,6;10,6;10,6;10,6;10,6;10,6;10,6;10,6;10,6;28,9;28,9;10,6;28,9
01-02-1984;253,4;131,7;131,7;131,7;131,7;131,7;131,7;131,7;131,7;131,7;131,7;131,7;131,7;131,7;131,7;131,7;75,9;75,9;131,7;75,9
01-03-1984;366,7;363,2;363,2;363,2;363,2;363,2;363,2;363,2;363,2;363,2;363,2;363,2;363,2;363,2;363,2;363,2;331,2;331,2;363,2;331,2
01-04-1984;327,8;324,9;324,9;324,9;324,9;324,9;324,9;324,9;324,9;324,9;324,9;324,9;324,9;324,9;324,9;324,9;272,5;272,5;324,9;272,5
01-05-1984;232,0;275,5;275,5;275,5;275,5;275,5;275,5;275,5;275,5;275,5;275,5;275,5;275,5;275,5;275,5;275,5;146,6;146,6;275,5;146,6
01-06-1984;115,9;187,1;187,1;187,1;187,1;187,1;187,1;187,1;187,1;187,1;187,1;187,1;187,1;187,1;187,1;187,1;62,6;62,6;187,1;62,6
01-07-1984;114,3;152,1;152,1;152,1;152,1;152,1;152,1;152,1;152,1;152,1;152,1;152,1;152,1;152,1;152,1;152,1;43,0;43,0;152,1;43,0
01-08-1984;14,6;2,5;2,5;2,5;2,5;2,5;2,5;2,5;2,5;2,5;2,5;2,5;2,5;2,5;2,5;2,5;17,0;17,0;2,5;17,0
01-09-1984;0,0;1,2;1,2;1,2;1,2;1,2;1,2;1,2;1,2;1,2;1,2;1,2;1,2;1,2;1,2;1,2;0,0;0,0;1,2;0,0
01-10-1984;58,0;15,3;15,3;15,3;15,3;15,3;15,3;15,3;15,3;15,3;15,3;15,3;15,3;15,3;15,3;15,3;0,0;0,0;15,3;0,0
01-11-1984;0,0;0,0;0,0;0,0;0,0;0,0;0,0;0,0;0,0;0,0;0,0;0,0;0,0;0,0;0,0;0,0;0,0;0,0;0,0;0,0
01-12-1984;0,0;0,0;0,0;0,0;0,0;0,0;0,0;0,0;0,0;0,0;0,0;0,0;0,0;0,0;0,0;0,0;9,0;9,0;0,0;9,0
01-01-1985;201,1;271,7;271,7;271,7;271,7;271,7;271,7;271,7;271,7;271,7;271,7;271,7;271,7;271,7;271,7;271,7;186,8;186,8;271,7;186,8
01-02-1985;360,6;537,9;537,9;537,9;537,9;537,9;537,9;537,9;537,9;537,9;537,9;537,9;537,9;537,9;537,9;537,9;298,4;298,4;537,9;298,4
01-03-1985;333,6;471,8;471,8;471,8;471,8;471,8;471,8;471,8;471,8;471,8;471,8;471,8;471,8;471,8;471,8;471,8;301,2;301,2;471,8;301,2
01-04-1985;715,6;516,7;516,7;516,7;516,7;516,7;516,7;516,7;516,7;516,7;516,7;516,7;516,7;516,7;516,7;516,7;466,0;466,0;516,7;466,0
01-05-1985;236,2;195,1;195,1;195,1;195,1;195,1;195,1;195,1;195,1;195,1;195,1;195,1;195,1;195,1;195,1;195,1;193,2;193,2;195,1;193,2
01-06-1985;88,0;119,7;119,7;119,7;119,7;119,7;119,7;119,7;119,7;119,7;119,7;119,7;119,7;119,7;119,7;119,7;88,0;88,0;119,7;88,0
01-07-1985;0,0;150,4;150,4;150,4;150,4;150,4;150,4;150,4;150,4;150,4;150,4;150,4;150,4;150,4;150,4;150,4;0,0;0,0;150,4;0,0
01-08-1985;20,0;5,2;5,2;5,2;5,2;5,2;5,2;5,2;5,2;5,2;5,2;5,2;5,2;5,2;5,2;5,2;0,0;0,0;5,2;0,0
01-09-1985;12,5;0,0;0,0;0,0;0,0;0,0;0,0;0,0;0,0;0,0;0,0;0,0;0,0;0,0;0,0;0,0;0,0;0,0;0,0;0,0
01-10-1985;0,0;0,0;0,0;0,0;0,0;0,0;0,0;0,0;0,0;0,0;0,0;0,0;0,0;0,0;0,0;0,0;0,0;0,0;0,0;0,0
01-11-1985;0,0;0,0;0,0;0,0;0,0;0,0;0,0;0,0;0,0;0,0;0,0;0,0;0,0;0,0;0,0;0,0;0,0;0,0;0,0;0,0
01-12-1985;100,3;88,7;88,7;88,7;88,7;88,7;88,7;88,7;88,7;88,7;88,7;88,7;88,7;88,7;88,7;88,7;108,6;108,6;88,7;108,6
01-01-1986;89,0;61,8;61,8;61,8;61,8;61,8;61,8;61,8;61,8;61,8;61,8;61,8;61,8;61,8;61,8;61,8;55,2;55,2;61,8;55,2
01-02-1986;318,0;193,1;193,1;193,1;193,1;193,1;193,1;193,1;193,1;193,1;193,1;193,1;193,1;193,1;193,1;193,1;152,0;152,0;193,1;152,0
01-03-1986;305,1;584,5;584,5;584,5;584,5;584,5;584,5;584,5;584,5;584,5;584,5;584,5;584,5;584,5;584,5;584,5;362,2;362,2;584,5;362,2
01-04-1986;374,5;405,6;405,6;405,6;405,6;405,6;405,6;405,6;405,6;405,6;405,6;405,6;405,6;405,6;405,6;405,6;348,2;348,2;405,6;348,2
01-05-1986;129,4;223,7;223,7;223,7;223,7;223,7;223,7;223,7;223,7;223,7;223,7;223,7;223,7;223,7;223,7;223,7;162,0;162,0;223,7;162,0
01-06-1986;7,0;269,8;269,8;269,8;269,8;269,8;269,8;269,8;269,8;269,8;269,8;269,8;269,8;269,8;269,8;269,8;131,0;131,0;269,8;131,0
01-07-1986;0,0;20,5;20,5;20,5;20,5;20,5;20,5;20,5;20,5;20,5;20,5;20,5;20,5;20,5;20,5;20,5;27,0;27,0;20,5;27,0
01-08-1986;0,0;7,5;7,5;7,5;7,5;7,5;7,5;7,5;7,5;7,5;7,5;7,5;7,5;7,5;7,5;7,5;0,0;0,0;7,5;0,0
01-09-1986;0,0;3,2;3,2;3,2;3,2;3,2;3,2;3,2;3,2;3,2;3,2;3,2;3,2;3,2;3,2;3,2;0,0;0,0;3,2;0,0
01-10-1986;0,0;1,2;1,2;1,2;1,2;1,2;1,2;1,2;1,2;1,2;1,2;1,2;1,2;1,2;1,2;1,2;0,0;0,0;1,2;0,0
01-11-1986;0,0;2,5;2,5;2,5;2,5;2,5;2,5;2,5;2,5;2,5;2,5;2,5;2,5;2,5;2,5;2,5;0,0;0,0;2,5;0,0
01-12-1986;0,0;19,0;19,0;19,0;19,0;19,0;19,0;19,0;19,0;19,0;19,0;19,0;19,0;19,0;19,0;19,0;0,0;0,0;19,0;0,0
01-01-1987;183,0;99,0;99,0;99,0;99,0;99,0;99,0;99,0;99,0;99,0;99,0;99,0;99,0;99,0;99,0;99,0;12,6;12,6;99,0;12,6
01-02-1987;77,0;132,2;132,2;132,2;132,2;132,2;132,2;132,2;132,2;132,2;132,2;132,2;132,2;132,2;132,2;132,2;44,8;44,8;132,2;44,8
01-03-1987;517,1;568,4;568,4;568,4;568,4;568,4;568,4;568,4;568,4;568,4;568,4;568,4;568,4;568,4;568,4;568,4;363,4;363,4;568,4;363,4
01-04-1987;62,6;139,4;139,4;139,4;139,4;139,4;139,4;139,4;139,4;139,4;139,4;139,4;139,4;139,4;139,4;139,4;95,8;95,8;139,4;95,8
01-05-1987;50,1;12,0;12,0;12,0;12,0;12,0;12,0;12,0;12,0;12,0;12,0;12,0;12,0;12,0;12,0;12,0;38,0;38,0;12,0;38,0
01-06-1987;169,7;165,6;165,6;165,6;165,6;165,6;165,6;165,6;165,6;165,6;165,6;165,6;165,6;165,6;165,6;165,6;127,6;127,6;165,6;127,6
01-07-1987;24,8;38,7;38,7;38,7;38,7;38,7;38,7;38,7;38,7;38,7;38,7;38,7;38,7;38,7;38,7;38,7;9,0;9,0;38,7;9,0
01-08-1987;11,8;3,2;3,2;3,2;3,2;3,2;3,2;3,2;3,2;3,2;3,2;3,2;3,2;3,2;3,2;3,2;0,0;0,0;3,2;0,0
01-09-1987;6,2;2,3;2,3;2,3;2,3;2,3;2,3;2,3;2,3;2,3;2,3;2,3;2,3;2,3;2,3;2,3;0,0;0,0;2,3;0,0
01-10-1987;0,0;0,0;0,0;0,0;0,0;0,0;0,0;0,0;0,0;0,0;0,0;0,0;0,0;0,0;0,0;0,0;0,0;0,0;0,0;0,0
01-11-1987;0,0;0,0;0,0;0,0;0,0;0,0;0,0;0,0;0,0;0,0;0,0;0,0;0,0;0,0;0,0;0,0;0,0;0,0;0,0;0,0
01-12-1987;0,0;0,0;0,0;0,0;0,0;0,0;0,0;0,0;0,0;0,0;0,0;0,0;0,0;0,0;0,0;0,0;0,0;0,0;0,0;0,0
01-01-1988;45,0;92,2;92,2;92,2;92,2;92,2;92,2;92,2;92,2;92,2;92,2;92,2;92,2;92,2;92,2;92,2;96,1;96,1;92,2;96,1
01-02-1988;94,5;244,6;244,6;244,6;244,6;244,6;244,6;244,6;244,6;244,6;244,6;244,6;244,6;244,6;244,6;244,6;115,5;115,5;244,6;115,5
01-03-1988;112,2;185,8;185,8;185,8;185,8;185,8;185,8;185,8;185,8;185,8;185,8;185,8;185,8;185,8;185,8;185,8;216,6;216,6;185,8;216,6
01-04-1988;267,1;429,7;429,7;429,7;429,7;429,7;429,7;429,7;429,7;429,7;429,7;429,7;429,7;429,7;429,7;429,7;389,6;389,6;429,7;389,6
01-05-1988;165,9;312,0;312,0;312,0;312,0;312,0;312,0;312,0;312,0;312,0;312,0;312,0;312,0;312,0;312,0;312,0;174,0;174,0;312,0;174,0
01-06-1988;59,8;94,2;94,2;94,2;94,2;94,2;94,2;94,2;94,2;94,2;94,2;94,2;94,2;94,2;94,2;94,2;26,0;26,0;94,2;26,0
01-07-1988;39,1;56,6;56,6;56,6;56,6;56,6;56,6;56,6;56,6;56,6;56,6;56,6;56,6;56,6;56,6;56,6;35,0;35,0;56,6;35,0
01-08-1988;0,0;0,0;0,0;0,0;0,0;0,0;0,0;0,0;0,0;0,0;0,0;0,0;0,0;0,0;0,0;0,0;0,0;0,0;0,0;0,0
01-09-1988;0,0;0,0;0,0;0,0;0,0;0,0;0,0;0,0;0,0;0,0;0,0;0,0;0,0;0,0;0,0;0,0;0,0;0,0;0,0;0,0
01-10-1988;0,0;0,0;0,0;0,0;0,0;0,0;0,0;0,0;0,0;0,0;0,0;0,0;0,0;0,0;0,0;0,0;0,0;0,0;0,0;0,0
01-11-1988;0,0;5,5;5,5;5,5;5,5;5,5;5,5;5,5;5,5;5,5;5,5;5,5;5,5;5,5;5,5;5,5;0,0;0,0;5,5;0,0
01-12-1988;140,3;96,8;96,8;96,8;96,8;96,8;96,8;96,8;96,8;96,8;96,8;96,8;96,8;96,8;96,8;96,8;11,0;11,0;96,8;11,0
01-01-1989;138,2;239,3;138,2;138,2;138,2;138,2;138,2;239,3;138,2;138,2;239,3;239,3;138,2;138,2;138,2;138,2;138,2;138,2;138,2;138,2
01-02-1989;102,1;29,1;102,1;102,1;102,1;102,1;102,1;29,1;102,1;102,1;29,1;29,1;102,1;102,1;102,1;102,1;102,1;102,1;102,1;102,1
01-03-1989;360,2;346,7;360,2;360,2;360,2;360,2;360,2;346,7;360,2;360,2;346,7;346,7;360,2;360,2;360,2;360,2;360,2;360,2;360,2;360,2
01-04-1989;309,3;592,9;309,3;309,3;309,3;309,3;309,3;592,9;309,3;309,3;592,9;592,9;309,3;309,3;309,3;309,3;309,3;309,3;309,3;309,3
01-05-1989;254,7;225,9;254,7;254,7;254,7;254,7;254,7;225,9;254,7;254,7;225,9;225,9;254,7;254,7;254,7;254,7;254,7;254,7;254,7;254,7
01-06-1989;203,8;175,6;203,8;203,8;203,8;203,8;203,8;175,6;203,8;203,8;175,6;175,6;203,8;203,8;203,8;203,8;203,8;203,8;203,8;203,8
01-07-1989;17,8;230,8;17,8;17,8;17,8;17,8;17,8;230,8;17,8;17,8;230,8;230,8;17,8;17,8;17,8;17,8;17,8;17,8;17,8;17,8
01-08-1989;16,7;22,6;16,7;16,7;16,7;16,7;16,7;22,6;16,7;16,7;22,6;22,6;16,7;16,7;16,7;16,7;16,7;16,7;16,7;16,7
01-09-1989;2,3;4,6;2,3;2,3;2,3;2,3;2,3;4,6;2,3;2,3;4,6;4,6;2,3;2,3;2,3;2,3;2,3;2,3;2,3;2,3
01-10-1989;0,0;0,0;0,0;0,0;0,0;0,0;0,0;0,0;0,0;0,0;0,0;0,0;0,0;0,0;0,0;0,0;0,0;0,0;0,0;0,0
01-11-1989;10,0;0,0;10,0;10,0;10,0;10,0;10,0;0,0;10,0;10,0;0,0;0,0;10,0;10,0;10,0;10,0;10,0;10,0;10,0;10,0
01-12-1989;34,5;90,2;34,5;34,5;34,5;34,5;34,5;90,2;34,5;34,5;90,2;90,2;34,5;34,5;34,5;34,5;34,5;34,5;34,5;34,5
01-01-1990;30,5;17,2;30,5;30,5;30,5;30,5;30,5;17,2;30,5;30,5;17,2;17,2;30,5;30,5;30,5;30,5;30,5;30,5;30,5;30,5
01-02-1990;33,4;93,1;33,4;33,4;33,4;33,4;33,4;93,1;33,4;33,4;93,1;93,1;33,4;33,4;33,4;33,4;33,4;33,4;33,4;33,4
01-03-1990;94,7;54,0;94,7;94,7;94,7;94,7;94,7;54,0;94,7;94,7;54,0;54,0;94,7;94,7;94,7;94,7;94,7;94,7;94,7;94,7
01-04-1990;211,0;189,4;211,0;211,0;211,0;211,0;211,0;189,4;211,0;211,0;189,4;189,4;211,0;211,0;211,0;211,0;211,0;211,0;211,0;211,0
01-05-1990;191,2;219,2;191,2;191,2;191,2;191,2;191,2;219,2;191,2;191,2;219,2;219,2;191,2;191,2;191,2;191,2;191,2;191,2;191,2;191,2
01-06-1990;33,3;83,0;33,3;33,3;33,3;33,3;33,3;83,0;33,3;33,3;83,0;83,0;33,3;33,3;33,3;33,3;33,3;33,3;33,3;33,3
01-07-1990;43,5;19,8;43,5;43,5;43,5;43,5;43,5;19,8;43,5;43,5;19,8;19,8;43,5;43,5;43,5;43,5;43,5;43,5;43,5;43,5
01-08-1990;6,8;0,0;6,8;6,8;6,8;6,8;6,8;0,0;6,8;6,8;0,0;0,0;6,8;6,8;6,8;6,8;6,8;6,8;6,8;6,8
01-09-1990;0,0;0,0;0,0;0,0;0,0;0,0;0,0;0,0;0,0;0,0;0,0;0,0;0,0;0,0;0,0;0,0;0,0;0,0;0,0;0,0
01-10-1990;0,0;0,0;0,0;0,0;0,0;0,0;0,0;0,0;0,0;0,0;0,0;0,0;0,0;0,0;0,0;0,0;0,0;0,0;0,0;0,0
01-11-1990;0,0;10,0;0,0;0,0;0,0;0,0;0,0;10,0;0,0;0,0;10,0;10,0;0,0;0,0;0,0;0,0;0,0;0,0;0,0;0,0
01-12-1990;0,0;0,0;0,0;0,0;0,0;0,0;0,0;0,0;0,0;0,0;0,0;0,0;0,0;0,0;0,0;0,0;0,0;0,0;0,0;0,0
01-01-1991;68,9;26,6;68,9;68,9;68,9;68,9;68,9;26,6;68,9;68,9;26,6;26,6;68,9;68,9;68,9;68,9;68,9;68,9;68,9;68,9
01-02-1991;159,6;160,6;159,6;159,6;159,6;159,6;159,6;160,6;159,6;159,6;160,6;160,6;159,6;159,6;159,6;159,6;159,6;159,6;159,6;159,6
01-03-1991;304,6;287,0;304,6;304,6;304,6;304,6;304,6;287,0;304,6;304,6;287,0;287,0;304,6;304,6;304,6;304,6;304,6;304,6;304,6;304,6
01-04-1991;509,7;284,8;509,7;509,7;509,7;509,7;509,7;284,8;509,7;509,7;284,8;284,8;509,7;509,7;509,7;509,7;509,7;509,7;509,7;509,7
01-05-1991;162,9;158,0;162,9;162,9;162,9;162,9;162,9;158,0;162,9;162,9;158,0;158,0;162,9;162,9;162,9;162,9;162,9;162,9;162,9;162,9
01-06-1991;29,5;31,3;29,5;29,5;29,5;29,5;29,5;31,3;29,5;29,5;31,3;31,3;29,5;29,5;29,5;29,5;29,5;29,5;29,5;29,5
01-07-1991;0,0;42,0;0,0;0,0;0,0;0,0;0,0;42,0;0,0;0,0;42,0;42,0;0,0;0,0;0,0;0,0;0,0;0,0;0,0;0,0
01-08-1991;0,0;0,0;0,0;0,0;0,0;0,0;0,0;0,0;0,0;0,0;0,0;0,0;0,0;0,0;0,0;0,0;0,0;0,0;0,0;0,0
01-09-1991;0,0;0,0;0,0;0,0;0,0;0,0;0,0;0,0;0,0;0,0;0,0;0,0;0,0;0,0;0,0;0,0;0,0;0,0;0,0;0,0
01-10-1991;0,0;22,0;0,0;0,0;0,0;0,0;0,0;22,0;0,0;0,0;22,0;22,0;0,0;0,0;0,0;0,0;0,0;0,0;0,0;0,0
01-11-1991;0,0;0,5;0,0;0,0;0,0;0,0;0,0;0,5;0,0;0,0;0,5;0,5;0,0;0,0;0,0;0,0;0,0;0,0;0,0;0,0
01-12-1991;0,0;0,0;0,0;0,0;0,0;0,0;0,0;0,0;0,0;0,0;0,0;0,0;0,0;0,0;0,0;0,0;0,0;0,0;0,0;0,0
01-01-1992;67,2;23,1;67,2;67,2;67,2;67,2;67,2;23,1;67,2;67,2;23,1;23,1;67,2;67,2;67,2;67,2;67,2;67,2;67,2;67,2
01-02-1992;343,8;283,4;343,8;343,8;343,8;343,8;343,8;283,4;343,8;343,8;283,4;283,4;343,8;343,8;343,8;343,8;343,8;343,8;343,8;343,8
01-03-1992;162,4;244,9;162,4;162,4;162,4;162,4;162,4;244,9;162,4;162,4;244,9;244,9;162,4;162,4;162,4;162,4;162,4;162,4;162,4;162,4
01-04-1992;134,2;138,0;134,2;134,2;134,2;134,2;134,2;138,0;134,2;134,2;138,0;138,0;134,2;134,2;134,2;134,2;134,2;134,2;134,2;134,2
01-05-1992;56,3;117,6;56,3;56,3;56,3;56,3;56,3;117,6;56,3;56,3;117,6;117,6;56,3;56,3;56,3;56,3;56,3;56,3;56,3;56,3
01-06-1992;96,6;111,0;96,6;96,6;96,6;96,6;96,6;111,0;96,6;96,6;111,0;111,0;96,6;96,6;96,6;96,6;96,6;96,6;96,6;96,6
01-07-1992;1,8;5,6;1,8;1,8;1,8;1,8;1,8;5,6;1,8;1,8;5,6;5,6;1,8;1,8;1,8;1,8;1,8;1,8;1,8;1,8
01-08-1992;0,0;15,8;0,0;0,0;0,0;0,0;0,0;15,8;0,0;0,0;15,8;15,8;0,0;0,0;0,0;0,0;0,0;0,0;0,0;0,0
01-09-1992;0,0;6,8;0,0;0,0;0,0;0,0;0,0;6,8;0,0;0,0;6,8;6,8;0,0;0,0;0,0;0,0;0,0;0,0;0,0;0,0
01-10-1992;0,0;0,0;0,0;0,0;0,0;0,0;0,0;0,0;0,0;0,0;0,0;0,0;0,0;0,0;0,0;0,0;0,0;0,0;0,0;0,0
01-11-1992;1,4;1,0;1,4;1,4;1,4;1,4;1,4;1,0;1,4;1,4;1,0;1,0;1,4;1,4;1,4;1,4;1,4;1,4;1,4;1,4
01-12-1992;0,0;0,0;0,0;0,0;0,0;0,0;0,0;0,0;0,0;0,0;0,0;0,0;0,0;0,0;0,0;0,0;0,0;0,0;0,0;0,0
01-01-1993;20,4;27,2;20,4;20,4;20,4;20,4;20,4;27,2;20,4;20,4;27,2;27,2;20,4;20,4;20,4;20,4;20,4;20,4;20,4;20,4
01-02-1993;63,9;11,1;63,9;63,9;63,9;63,9;63,9;11,1;63,9;63,9;11,1;11,1;63,9;63,9;63,9;63,9;63,9;63,9;63,9;63,9
01-03-1993;132,9;124,8;132,9;132,9;132,9;132,9;132,9;124,8;132,9;132,9;124,8;124,8;132,9;132,9;132,9;132,9;132,9;132,9;132,9;132,9
01-04-1993;98,8;78,4;98,8;98,8;98,8;98,8;98,8;78,4;98,8;98,8;78,4;78,4;98,8;98,8;98,8;98,8;98,8;98,8;98,8;98,8
01-05-1993;25,0;31,1;25,0;25,0;25,0;25,0;25,0;31,1;25,0;25,0;31,1;31,1;25,0;25,0;25,0;25,0;25,0;25,0;25,0;25,0
01-06-1993;33,0;39,8;33,0;33,0;33,0;33,0;33,0;39,8;33,0;33,0;39,8;39,8;33,0;33,0;33,0;33,0;33,0;33,0;33,0;33,0
01-07-1993;82,0;160,0;82,0;82,0;82,0;82,0;82,0;160,0;82,0;82,0;160,0;160,0;82,0;82,0;82,0;82,0;82,0;82,0;82,0;82,0
01-08-1993;0,0;0,0;0,0;0,0;0,0;0,0;0,0;0,0;0,0;0,0;0,0;0,0;0,0;0,0;0,0;0,0;0,0;0,0;0,0;0,0
01-09-1993;0,0;0,0;0,0;0,0;0,0;0,0;0,0;0,0;0,0;0,0;0,0;0,0;0,0;0,0;0,0;0,0;0,0;0,0;0,0;0,0
01-10-1993;0,0;0,0;0,0;0,0;0,0;0,0;0,0;0,0;0,0;0,0;0,0;0,0;0,0;0,0;0,0;0,0;0,0;0,0;0,0;0,0
01-11-1993;0,0;0,0;0,0;0,0;0,0;0,0;0,0;0,0;0,0;0,0;0,0;0,0;0,0;0,0;0,0;0,0;0,0;0,0;0,0;0,0
01-12-1993;0,0;0,0;0,0;0,0;0,0;0,0;0,0;0,0;0,0;0,0;0,0;0,0;0,0;0,0;0,0;0,0;0,0;0,0;0,0;0,0
01-01-1994;192,3;151,7;192,3;192,3;192,3;192,3;192,3;151,7;192,3;192,3;151,7;151,7;192,3;192,3;192,3;192,3;192,3;192,3;192,3;192,3
01-02-1994;340,5;314,7;340,5;340,5;340,5;340,5;340,5;314,7;340,5;340,5;314,7;314,7;340,5;340,5;340,5;340,5;340,5;340,5;340,5;340,5
01-03-1994;471,1;435,4;471,1;471,1;471,1;471,1;471,1;435,4;471,1;471,1;435,4;435,4;471,1;471,1;471,1;471,1;471,1;471,1;471,1;471,1
01-04-1994;274,0;311,4;274,0;274,0;274,0;274,0;274,0;311,4;274,0;274,0;311,4;311,4;274,0;274,0;274,0;274,0;274,0;274,0;274,0;274,0
01-05-1994;282,6;394,3;282,6;282,6;282,6;282,6;282,6;394,3;282,6;282,6;394,3;394,3;282,6;282,6;282,6;282,6;282,6;282,6;282,6;282,6
01-06-1994;230,0;424,1;230,0;230,0;230,0;230,0;230,0;424,1;230,0;230,0;424,1;424,1;230,0;230,0;230,0;230,0;230,0;230,0;230,0;230,0
01-07-1994;62,0;125,5;62,0;62,0;62,0;62,0;62,0;125,5;62,0;62,0;125,5;125,5;62,0;62,0;62,0;62,0;62,0;62,0;62,0;62,0
01-08-1994;0,0;32,0;0,0;0,0;0,0;0,0;0,0;32,0;0,0;0,0;32,0;32,0;0,0;0,0;0,0;0,0;0,0;0,0;0,0;0,0
01-09-1994;0,0;19,4;0,0;0,0;0,0;0,0;0,0;19,4;0,0;0,0;19,4;19,4;0,0;0,0;0,0;0,0;0,0;0,0;0,0;0,0
01-10-1994;0,0;0,0;0,0;0,0;0,0;0,0;0,0;0,0;0,0;0,0;0,0;0,0;0,0;0,0;0,0;0,0;0,0;0,0;0,0;0,0
01-11-1994;0,0;0,0;0,0;0,0;0,0;0,0;0,0;0,0;0,0;0,0;0,0;0,0;0,0;0,0;0,0;0,0;0,0;0,0;0,0;0,0
01-12-1994;15,0;16,0;15,0;15,0;15,0;15,0;15,0;16,0;15,0;15,0;16,0;16,0;15,0;15,0;15,0;15,0;15,0;15,0;15,0;15,0
01-01-1995;91,3;84,0;91,3;91,3;91,3;91,3;91,3;84,0;91,3;91,3;84,0;84,0;91,3;91,3;91,3;91,3;91,3;91,3;91,3;91,3
01-02-1995;253,6;223,7;253,6;253,6;253,6;253,6;253,6;223,7;253,6;253,6;223,7;223,7;253,6;253,6;253,6;253,6;253,6;253,6;253,6;253,6
01-03-1995;307,8;440,7;307,8;307,8;307,8;307,8;307,8;440,7;307,8;307,8;440,7;440,7;307,8;307,8;307,8;307,8;307,8;307,8;307,8;307,8
01-04-1995;507,4;705,7;507,4;507,4;507,4;507,4;507,4;705,7;507,4;507,4;705,7;705,7;507,4;507,4;507,4;507,4;507,4;507,4;507,4;507,4
01-05-1995;357,8;435,8;357,8;357,8;357,8;357,8;357,8;435,8;357,8;357,8;435,8;435,8;357,8;357,8;357,8;357,8;357,8;357,8;357,8;357,8
01-06-1995;94,4;88,6;94,4;94,4;94,4;94,4;94,4;88,6;94,4;94,4;88,6;88,6;94,4;94,4;94,4;94,4;94,4;94,4;94,4;94,4
01-07-1995;42,4;97,3;42,4;42,4;42,4;42,4;42,4;97,3;42,4;42,4;97,3;97,3;42,4;42,4;42,4;42,4;42,4;42,4;42,4;42,4
01-08-1995;0,0;0,0;0,0;0,0;0,0;0,0;0,0;0,0;0,0;0,0;0,0;0,0;0,0;0,0;0,0;0,0;0,0;0,0;0,0;0,0
01-09-1995;0,0;0,0;0,0;0,0;0,0;0,0;0,0;0,0;0,0;0,0;0,0;0,0;0,0;0,0;0,0;0,0;0,0;0,0;0,0;0,0
01-10-1995;4,8;0,0;4,8;4,8;4,8;4,8;4,8;0,0;4,8;4,8;0,0;0,0;4,8;4,8;4,8;4,8;4,8;4,8;4,8;4,8
01-11-1995;11,3;0,0;11,3;11,3;11,3;11,3;11,3;0,0;11,3;11,3;0,0;0,0;11,3;11,3;11,3;11,3;11,3;11,3;11,3;11,3
01-12-1995;0,0;0,0;0,0;0,0;0,0;0,0;0,0;0,0;0,0;0,0;0,0;0,0;0,0;0,0;0,0;0,0;6,4;0,0;0,0;0,0
01-01-1996;180,9;236,6;180,9;180,9;180,9;180,9;180,9;236,6;180,9;180,9;236,6;236,6;180,9;180,9;180,9;180,9;127,8;180,9;180,9;180,9
01-02-1996;111,0;85,2;111,0;111,0;111,0;111,0;111,0;85,2;111,0;111,0;85,2;85,2;111,0;111,0;111,0;111,0;300,4;111,0;111,0;111,0
01-03-1996;579,6;404,3;579,6;579,6;579,6;579,6;579,6;404,3;579,6;579,6;404,3;404,3;579,6;579,6;579,6;579,6;442,5;579,6;579,6;579,6
01-04-1996;366,8;373,5;366,8;366,8;366,8;366,8;366,8;373,5;366,8;366,8;373,5;373,5;366,8;366,8;366,8;366,8;397,2;366,8;366,8;366,8
01-05-1996;215,6;203,9;215,6;215,6;215,6;215,6;215,6;203,9;215,6;215,6;203,9;203,9;215,6;215,6;215,6;215,6;145,2;215,6;215,6;215,6
01-06-1996;30,0;0,0;30,0;30,0;30,0;30,0;30,0;0,0;30,0;30,0;0,0;0,0;30,0;30,0;30,0;30,0;6,8;30,0;30,0;30,0
01-07-1996;30,0;3,0;30,0;30,0;30,0;30,0;30,0;3,0;30,0;30,0;3,0;3,0;30,0;30,0;30,0;30,0;0,0;30,0;30,0;30,0
01-08-1996;6,0;6,0;6,0;6,0;6,0;6,0;6,0;6,0;6,0;6,0;6,0;6,0;6,0;6,0;6,0;6,0;0,0;6,0;6,0;6,0
01-09-1996;0,0;0,0;0,0;0,0;0,0;0,0;0,0;0,0;0,0;0,0;0,0;0,0;0,0;0,0;0,0;0,0;0,0;0,0;0,0;0,0
01-10-1996;16,0;0,0;16,0;16,0;16,0;16,0;16,0;0,0;16,0;16,0;0,0;0,0;16,0;16,0;16,0;16,0;0,0;16,0;16,0;16,0
01-11-1996;19,0;0,0;19,0;19,0;19,0;19,0;19,0;0,0;19,0;19,0;0,0;0,0;19,0;19,0;19,0;19,0;0,0;19,0;19,0;19,0
01-12-1996;13,0;0,0;13,0;13,0;13,0;13,0;13,0;0,0;13,0;13,0;0,0;0,0;13,0;13,0;13,0;13,0;0,0;13,0;13,0;13,0
01-01-1997;11,1;5,0;11,1;11,1;11,1;11,1;11,1;5,0;11,1;11,1;5,0;5,0;11,1;11,1;11,1;11,1;4,4;11,1;11,1;11,1
01-02-1997;19,8;16,0;19,8;19,8;19,8;19,8;19,8;16,0;19,8;19,8;16,0;16,0;19,8;19,8;19,8;19,8;29,3;19,8;19,8;19,8
01-03-1997;182,4;260,6;182,4;182,4;182,4;182,4;182,4;260,6;182,4;182,4;260,6;260,6;182,4;182,4;182,4;182,4;201,0;182,4;182,4;182,4
01-04-1997;234,0;299,6;234,0;234,0;234,0;234,0;234,0;299,6;234,0;234,0;299,6;299,6;234,0;234,0;234,0;234,0;230,0;234,0;234,0;234,0
01-05-1997;223,4;251,6;223,4;223,4;223,4;223,4;223,4;251,6;223,4;223,4;251,6;251,6;223,4;223,4;223,4;223,4;223,4;223,4;223,4;223,4
01-06-1997;48,0;38,8;48,0;48,0;48,0;48,0;48,0;38,8;48,0;48,0;38,8;38,8;48,0;48,0;48,0;48,0;48,0;48,0;48,0;48,0
01-07-1997;19,0;27,0;19,0;19,0;19,0;19,0;19,0;27,0;19,0;19,0;27,0;27,0;19,0;19,0;19,0;19,0;19,0;19,0;19,0;19,0
01-08-1997;23,2;0,0;23,2;23,2;23,2;23,2;23,2;0,0;23,2;23,2;0,0;0,0;23,2;23,2;23,2;23,2;23,2;23,2;23,2;23,2
01-09-1997;0,0;0,0;0,0;0,0;0,0;0,0;0,0;0,0;0,0;0,0;0,0;0,0;0,0;0,0;0,0;0,0;0,0;0,0;0,0;0,0
01-10-1997;3,0;0,0;3,0;3,0;3,0;3,0;3,0;0,0;3,0;3,0;0,0;0,0;3,0;3,0;3,0;3,0;3,0;3,0;3,0;3,0
01-11-1997;8,4;0,0;8,4;8,4;8,4;8,4;8,4;0,0;8,4;8,4;0,0;0,0;8,4;8,4;8,4;8,4;0,0;8,4;8,4;8,4
01-12-1997;16,2;17,8;16,2;16,2;16,2;16,2;16,2;17,8;16,2;16,2;17,8;17,8;16,2;16,2;16,2;16,2;16,2;16,2;16,2;16,2
01-01-1998;148,0;165,0;148,0;148,0;148,0;148,0;148,0;165,0;148,0;148,0;165,0;165,0;148,0;148,0;148,0;148,0;221,0;148,0;148,0;148,0
01-02-1998;40,0;35,0;40,0;40,0;40,0;40,0;40,0;35,0;40,0;40,0;35,0;35,0;40,0;40,0;40,0;40,0;67,4;40,0;40,0;40,0
01-03-1998;252,6;228,1;252,6;252,6;252,6;252,6;252,6;228,1;252,6;252,6;228,1;228,1;252,6;252,6;252,6;252,6;252,6;252,6;252,6;252,6
01-04-1998;212,1;159,7;212,1;212,1;212,1;212,1;212,1;159,7;212,1;212,1;159,7;159,7;212,1;212,1;212,1;212,1;112,8;212,1;212,1;212,1
01-05-1998;133,0;205,0;133,0;133,0;133,0;133,0;133,0;205,0;133,0;133,0;205,0;205,0;133,0;133,0;133,0;133,0;54,0;133,0;133,0;133,0
01-06-1998;82,0;92,0;82,0;82,0;82,0;82,0;82,0;92,0;82,0;82,0;92,0;92,0;82,0;82,0;82,0;82,0;0,0;82,0;82,0;82,0
01-07-1998;0,0;8,0;0,0;0,0;0,0;0,0;0,0;8,0;0,0;0,0;8,0;8,0;0,0;0,0;0,0;0,0;0,0;0,0;0,0;0,0
01-08-1998;9,3;10,0;9,3;9,3;9,3;9,3;9,3;10,0;9,3;9,3;10,0;10,0;9,3;9,3;9,3;9,3;0,0;9,3;9,3;9,3
01-09-1998;0,0;0,0;0,0;0,0;0,0;0,0;0,0;0,0;0,0;0,0;0,0;0,0;0,0;0,0;0,0;0,0;0,0;0,0;0,0;0,0
01-10-1998;0,0;8,0;0,0;0,0;0,0;0,0;0,0;8,0;0,0;0,0;8,0;8,0;0,0;0,0;0,0;0,0;0,0;0,0;0,0;0,0
01-11-1998;0,0;0,0;0,0;0,0;0,0;0,0;0,0;0,0;0,0;0,0;0,0;0,0;0,0;0,0;0,0;0,0;0,0;0,0;0,0;0,0
01-12-1998;5,5;4,0;5,5;5,5;5,5;5,5;5,5;4,0;5,5;5,5;4,0;4,0;5,5;5,5;5,5;5,5;0,0;5,5;5,5;5,5
01-01-1999;93,5;37,7;93,5;93,5;93,5;93,5;93,5;37,7;93,5;93,5;37,7;37,7;93,5;93,5;93,5;93,5;93,5;93,5;93,5;93,5
01-02-1999;207,5;154,7;207,5;207,5;207,5;207,5;207,5;154,7;207,5;207,5;154,7;154,7;207,5;207,5;207,5;207,5;207,5;207,5;207,5;207,5
01-03-1999;527,5;490,9;527,5;527,5;527,5;527,5;527,5;490,9;527,5;527,5;490,9;490,9;527,5;527,5;527,5;527,5;211,4;527,5;527,5;527,5
01-04-1999;352,8;399,8;352,8;352,8;352,8;352,8;352,8;399,8;352,8;352,8;399,8;399,8;352,8;352,8;352,8;352,8;210,4;352,8;352,8;352,8
01-05-1999;232,9;299,6;232,9;232,9;232,9;232,9;232,9;299,6;232,9;232,9;299,6;299,6;232,9;232,9;232,9;232,9;168,0;232,9;232,9;232,9
01-06-1999;45,0;33,1;45,0;45,0;45,0;45,0;45,0;33,1;45,0;45,0;33,1;33,1;45,0;45,0;45,0;45,0;56,0;45,0;45,0;45,0
01-07-1999;0,0;7,5;0,0;0,0;0,0;0,0;0,0;7,5;0,0;0,0;7,5;7,5;0,0;0,0;0,0;0,0;53,2;0,0;0,0;0,0
01-08-1999;0,0;0,0;0,0;0,0;0,0;0,0;0,0;0,0;0,0;0,0;0,0;0,0;0,0;0,0;0,0;0,0;47,0;0,0;0,0;0,0
01-09-1999;0,0;24,0;0,0;0,0;0,0;0,0;0,0;24,0;0,0;0,0;24,0;24,0;0,0;0,0;0,0;0,0;0,0;0,0;0,0;0,0
01-10-1999;0,0;3,0;0,0;0,0;0,0;0,0;0,0;3,0;0,0;0,0;3,0;3,0;0,0;0,0;0,0;0,0;0,0;0,0;0,0;0,0
01-11-1999;0,0;2,0;0,0;0,0;0,0;0,0;0,0;2,0;0,0;0,0;2,0;2,0;0,0;0,0;0,0;0,0;0,0;0,0;0,0;0,0
01-12-1999;33,5;23,3;33,5;33,5;33,5;33,5;33,5;23,3;33,5;33,5;23,3;23,3;33,5;33,5;33,5;33,5;33,5;33,5;33,5;33,5
01-01-2000;136,5;176,9;136,5;136,5;136,5;136,5;136,5;176,9;136,5;136,5;176,9;176,9;136,5;136,5;136,5;136,5;136,5;136,5;136,5;136,5
01-02-2000;121,7;115,2;121,7;121,7;121,7;121,7;121,7;115,2;121,7;121,7;115,2;115,2;121,7;121,7;121,7;121,7;121,7;121,7;121,7;121,7
01-03-2000;310,2;280,3;310,2;310,2;310,2;310,2;310,2;280,3;310,2;310,2;280,3;280,3;310,2;310,2;310,2;310,2;310,2;310,2;310,2;310,2
01-04-2000;229,8;301,3;229,8;229,8;229,8;229,8;229,8;301,3;229,8;229,8;301,3;301,3;229,8;229,8;229,8;229,8;229,8;229,8;229,8;229,8
01-05-2000;175,0;236,2;175,0;175,0;175,0;175,0;175,0;236,2;175,0;175,0;236,2;236,2;175,0;175,0;175,0;175,0;175,0;175,0;175,0;175,0
01-06-2000;92,4;157,6;92,4;92,4;92,4;92,4;92,4;157,6;92,4;92,4;157,6;157,6;92,4;92,4;92,4;92,4;92,4;92,4;92,4;92,4
01-07-2000;107,0;160,1;107,0;107,0;107,0;107,0;107,0;160,1;107,0;107,0;160,1;160,1;107,0;107,0;107,0;107,0;107,0;107,0;107,0;107,0
01-08-2000;12,3;47,0;12,3;12,3;12,3;12,3;12,3;47,0;12,3;12,3;47,0;47,0;12,3;12,3;12,3;12,3;12,3;12,3;12,3;12,3
01-09-2000;45,1;93,5;45,1;45,1;45,1;45,1;45,1;93,5;45,1;45,1;93,5;93,5;45,1;45,1;45,1;45,1;45,1;45,1;45,1;45,1
01-10-2000;0,0;4,8;0,0;0,0;0,0;0,0;0,0;4,8;0,0;0,0;4,8;4,8;0,0;0,0;0,0;0,0;0,0;0,0;0,0;0,0
01-11-2000;0,0;0,0;0,0;0,0;0,0;0,0;0,0;0,0;0,0;0,0;0,0;0,0;0,0;0,0;0,0;0,0;0,0;0,0;0,0;0,0
01-12-2000;0,0;0,5;0,0;0,0;0,0;0,0;0,0;0,5;0,0;0,0;0,5;0,5;0,0;0,0;0,0;0,0;0,0;0,0;0,0;0,0
01-01-2001;70,3;0,0;70,3;70,3;70,3;70,3;70,3;0,0;70,3;70,3;0,0;0,0;70,3;70,3;70,3;70,3;198,0;70,3;70,3;70,3
01-02-2001;58,1;28,7;58,1;58,1;58,1;58,1;58,1;28,7;58,1;58,1;28,7;28,7;58,1;58,1;58,1;58,1;96,0;58,1;58,1;58,1
01-03-2001;160,5;167,2;160,5;160,5;160,5;160,5;160,5;167,2;160,5;160,5;167,2;167,2;160,5;160,5;160,5;160,5;156,0;160,5;160,5;160,5
01-04-2001;458,8;838,2;458,8;458,8;458,8;458,8;458,8;838,2;458,8;458,8;838,2;838,2;458,8;458,8;458,8;458,8;380,0;458,8;458,8;458,8
01-05-2001;33,0;17,2;33,0;33,0;33,0;33,0;33,0;17,2;33,0;33,0;17,2;17,2;33,0;33,0;33,0;33,0;51,0;33,0;33,0;33,0
01-06-2001;116,5;71,0;116,5;116,5;116,5;116,5;116,5;71,0;116,5;116,5;71,0;71,0;116,5;116,5;116,5;116,5;132,0;116,5;116,5;116,5
01-07-2001;25,0;21,0;25,0;25,0;25,0;25,0;25,0;21,0;25,0;25,0;21,0;21,0;25,0;25,0;25,0;25,0;0,0;25,0;25,0;25,0
01-08-2001;0,0;0,0;0,0;0,0;0,0;0,0;0,0;0,0;0,0;0,0;0,0;0,0;0,0;0,0;0,0;0,0;0,0;0,0;0,0;0,0
01-09-2001;0,0;0,0;0,0;0,0;0,0;0,0;0,0;0,0;0,0;0,0;0,0;0,0;0,0;0,0;0,0;0,0;0,0;0,0;0,0;0,0
01-10-2001;0,0;0,0;0,0;0,0;0,0;0,0;0,0;0,0;0,0;0,0;0,0;0,0;0,0;0,0;0,0;0,0;0,0;0,0;0,0;0,0
01-11-2001;0,0;0,0;0,0;0,0;0,0;0,0;0,0;0,0;0,0;0,0;0,0;0,0;0,0;0,0;0,0;0,0;5,0;0,0;0,0;0,0
01-12-2001;2,5;10,4;2,5;2,5;2,5;2,5;2,5;10,4;2,5;2,5;10,4;10,4;2,5;2,5;2,5;2,5;3,0;2,5;2,5;2,5
01-01-2002;335,2;329,8;335,2;335,2;335,2;335,2;335,2;329,8;335,2;335,2;329,8;329,8;335,2;335,2;335,2;335,2;271,0;335,2;335,2;335,2
01-02-2002;76,4;64,0;76,4;76,4;76,4;76,4;76,4;64,0;76,4;76,4;64,0;64,0;76,4;76,4;76,4;76,4;126,0;76,4;76,4;76,4
01-03-2002;354,4;347,3;354,4;354,4;354,4;354,4;354,4;347,3;354,4;354,4;347,3;347,3;354,4;354,4;354,4;354,4;431,0;354,4;354,4;354,4
01-04-2002;343,6;440,0;343,6;343,6;343,6;343,6;343,6;440,0;343,6;343,6;440,0;440,0;343,6;343,6;343,6;343,6;421,0;343,6;343,6;343,6
01-05-2002;154,5;227,7;154,5;154,5;154,5;154,5;154,5;227,7;154,5;154,5;227,7;227,7;154,5;154,5;154,5;154,5;142,0;154,5;154,5;154,5
01-06-2002;165,0;211,5;165,0;165,0;165,0;165,0;165,0;211,5;165,0;165,0;211,5;211,5;165,0;165,0;165,0;165,0;150,0;165,0;165,0;165,0
01-07-2002;42,0;36,0;42,0;42,0;42,0;42,0;42,0;36,0;42,0;42,0;36,0;36,0;42,0;42,0;42,0;42,0;82,0;42,0;42,0;42,0
01-08-2002;0,0;1,0;0,0;0,0;0,0;0,0;0,0;1,0;0,0;0,0;1,0;1,0;0,0;0,0;0,0;0,0;0,0;0,0;0,0;0,0
01-09-2002;0,0;1,5;0,0;0,0;0,0;0,0;0,0;1,5;0,0;0,0;1,5;1,5;0,0;0,0;0,0;0,0;3,0;0,0;0,0;0,0
01-10-2002;0,0;0,0;0,0;0,0;0,0;0,0;0,0;0,0;0,0;0,0;0,0;0,0;0,0;0,0;0,0;0,0;0,0;0,0;0,0;0,0
01-11-2002;0,0;0,0;0,0;0,0;0,0;0,0;0,0;0,0;0,0;0,0;0,0;0,0;0,0;0,0;0,0;0,0;10,0;0,0;0,0;0,0
01-12-2002;0,0;6,7;0,0;0,0;0,0;0,0;0,0;6,7;0,0;0,0;6,7;6,7;0,0;0,0;0,0;0,0;13,0;0,0;0,0;0,0
01-01-2003;101,2;176,8;101,2;101,2;101,2;101,2;101,2;176,8;101,2;101,2;176,8;176,8;101,2;101,2;101,2;101,2;87,0;101,2;101,2;101,2
01-02-2003;364,7;221,0;364,7;364,7;364,7;364,7;364,7;221,0;364,7;364,7;221,0;221,0;364,7;364,7;364,7;364,7;571,0;364,7;364,7;364,7
01-03-2003;567,3;505,1;567,3;567,3;567,3;567,3;567,3;505,1;567,3;567,3;505,1;505,1;567,3;567,3;567,3;567,3;558,0;567,3;567,3;567,3
01-04-2003;369,4;415,2;369,4;369,4;369,4;369,4;369,4;415,2;369,4;369,4;415,2;415,2;369,4;369,4;369,4;369,4;497,0;369,4;369,4;369,4
01-05-2003;291,6;284,4;291,6;291,6;291,6;291,6;291,6;284,4;291,6;291,6;284,4;284,4;291,6;291,6;291,6;291,6;255,0;291,6;291,6;291,6
01-06-2003;93,6;182,2;93,6;93,6;93,6;93,6;93,6;182,2;93,6;93,6;182,2;182,2;93,6;93,6;93,6;93,6;93,6;93,6;93,6;93,6
01-07-2003;0,0;1,0;0,0;0,0;0,0;0,0;0,0;1,0;0,0;0,0;1,0;1,0;0,0;0,0;0,0;0,0;0,0;0,0;0,0;0,0
01-08-2003;0,0;0,0;0,0;0,0;0,0;0,0;0,0;0,0;0,0;0,0;0,0;0,0;0,0;0,0;0,0;0,0;0,0;0,0;0,0;0,0
01-09-2003;0,0;0,0;0,0;0,0;0,0;0,0;0,0;0,0;0,0;0,0;0,0;0,0;0,0;0,0;0,0;0,0;0,0;0,0;0,0;0,0
01-10-2003;0,0;0,0;0,0;0,0;0,0;0,0;0,0;0,0;0,0;0,0;0,0;0,0;0,0;0,0;0,0;0,0;0,0;0,0;0,0;0,0
01-11-2003;0,0;0,0;0,0;0,0;0,0;0,0;0,0;0,0;0,0;0,0;0,0;0,0;0,0;0,0;0,0;0,0;0,0;0,0;0,0;0,0
01-12-2003;0,0;1,0;0,0;0,0;0,0;0,0;0,0;1,0;0,0;0,0;1,0;1,0;0,0;0,0;0,0;0,0;0,0;0,0;0,0;0,0
01-01-2004;369,0;403,9;369,0;369,0;369,0;369,0;369,0;403,9;369,0;369,0;403,9;403,9;369,0;369,0;369,0;369,0;369,0;369,0;369,0;369,0
01-02-2004;231,0;213,8;231,0;231,0;231,0;231,0;231,0;213,8;231,0;231,0;213,8;213,8;231,0;231,0;231,0;231,0;231,0;231,0;231,0;231,0
01-03-2004;273,0;356,4;273,0;273,0;273,0;273,0;273,0;356,4;273,0;273,0;356,4;356,4;273,0;273,0;273,0;273,0;273,0;273,0;273,0;273,0
01-04-2004;137,0;194,8;137,0;137,0;137,0;137,0;137,0;194,8;137,0;137,0;194,8;194,8;137,0;137,0;137,0;137,0;137,0;137,0;137,0;137,0
01-05-2004;57,0;83,4;57,0;57,0;57,0;57,0;57,0;83,4;57,0;57,0;83,4;83,4;57,0;57,0;57,0;57,0;57,0;57,0;57,0;57,0
01-06-2004;284,0;343,8;284,0;284,0;284,0;284,0;284,0;343,8;284,0;284,0;343,8;343,8;284,0;284,0;284,0;284,0;284,0;284,0;284,0;284,0
01-07-2004;81,0;173,4;81,0;81,0;81,0;81,0;81,0;173,4;81,0;81,0;173,4;173,4;81,0;81,0;81,0;81,0;81,0;81,0;81,0;81,0
01-08-2004;0,0;0,0;0,0;0,0;0,0;0,0;0,0;0,0;0,0;0,0;0,0;0,0;0,0;0,0;0,0;0,0;0,0;0,0;0,0;0,0
01-09-2004;0,0;0,0;0,0;0,0;0,0;0,0;0,0;0,0;0,0;0,0;0,0;0,0;0,0;0,0;0,0;0,0;0,0;0,0;0,0;0,0
01-10-2004;0,0;0,0;0,0;0,0;0,0;0,0;0,0;0,0;0,0;0,0;0,0;0,0;0,0;0,0;0,0;0,0;0,0;0,0;0,0;0,0
01-11-2004;0,0;0,0;0,0;0,0;0,0;0,0;0,0;0,0;0,0;0,0;0,0;0,0;0,0;0,0;0,0;0,0;0,0;0,0;0,0;0,0
01-12-2004;0,0;0,0;0,0;0,0;0,0;0,0;0,0;0,0;0,0;0,0;0,0;0,0;0,0;0,0;0,0;0,0;0,0;0,0;0,0;0,0
01-01-2005;10,0;17,8;10,0;10,0;10,0;10,0;10,0;17,8;10,0;10,0;17,8;17,8;10,0;10,0;10,0;10,0;10,0;10,0;10,0;10,0
01-02-2005;75,0;92,8;75,0;75,0;75,0;75,0;75,0;92,8;75,0;75,0;92,8;92,8;75,0;75,0;75,0;75,0;75,0;75,0;75,0;75,0
01-03-2005;243,4;195,6;243,4;243,4;243,4;243,4;243,4;195,6;243,4;243,4;195,6;195,6;243,4;243,4;243,4;243,4;243,4;243,4;243,4;243,4
01-04-2005;241,7;111,2;241,7;241,7;241,7;241,7;241,7;111,2;241,7;241,7;111,2;111,2;241,7;241,7;241,7;241,7;241,7;241,7;241,7;241,7
01-05-2005;319,0;288,4;319,0;319,0;319,0;319,0;319,0;288,4;319,0;319,0;288,4;288,4;319,0;319,0;319,0;319,0;319,0;319,0;319,0;319,0
01-06-2005;133,7;218,0;133,7;133,7;133,7;133,7;133,7;218,0;133,7;133,7;218,0;218,0;133,7;133,7;133,7;133,7;133,7;133,7;133,7;133,7
01-07-2005;24,0;42,6;24,0;24,0;24,0;24,0;24,0;42,6;24,0;24,0;42,6;42,6;24,0;24,0;24,0;24,0;24,0;24,0;24,0;24,0
01-08-2005;0,0;7,0;0,0;0,0;0,0;0,0;0,0;7,0;0,0;0,0;7,0;7,0;0,0;0,0;0,0;0,0;0,0;0,0;0,0;0,0
01-09-2005;0,0;0,0;0,0;0,0;0,0;0,0;0,0;0,0;0,0;0,0;0,0;0,0;0,0;0,0;0,0;0,0;0,0;0,0;0,0;0,0
01-10-2005;0,0;0,0;0,0;0,0;0,0;0,0;0,0;0,0;0,0;0,0;0,0;0,0;0,0;0,0;0,0;0,0;0,0;0,0;0,0;0,0
01-11-2005;0,0;0,0;0,0;0,0;0,0;0,0;0,0;0,0;0,0;0,0;0,0;0,0;0,0;0,0;0,0;0,0;0,0;0,0;0,0;0,0
01-12-2005;0,0;0,0;0,0;0,0;0,0;0,0;0,0;0,0;0,0;0,0;0,0;0,0;0,0;0,0;0,0;0,0;0,0;0,0;0,0;0,0
01-01-2006;17,5;7,6;17,5;17,5;17,5;17,5;17,5;7,6;17,5;17,5;7,6;7,6;17,5;17,5;17,5;17,5;17,5;17,5;17,5;17,5
01-02-2006;102,0;85,4;102,0;102,0;102,0;102,0;102,0;85,4;102,0;102,0;85,4;85,4;102,0;102,0;102,0;102,0;102,0;102,0;102,0;102,0
01-03-2006;154,4;196,6;154,4;154,4;154,4;154,4;154,4;196,6;154,4;154,4;196,6;196,6;154,4;154,4;154,4;154,4;154,4;154,4;154,4;154,4
01-04-2006;362,0;266,6;362,0;362,0;362,0;362,0;362,0;266,6;362,0;362,0;266,6;266,6;362,0;362,0;362,0;362,0;362,0;362,0;362,0;362,0
01-05-2006;209,5;296,2;209,5;209,5;209,5;209,5;209,5;296,2;209,5;209,5;296,2;296,2;209,5;209,5;209,5;209,5;209,5;209,5;209,5;209,5
01-06-2006;98,0;142,0;98,0;98,0;98,0;98,0;98,0;142,0;98,0;98,0;142,0;142,0;98,0;98,0;98,0;98,0;98,0;98,0;98,0;98,0
01-07-2006;16,0;31,4;16,0;16,0;16,0;16,0;16,0;31,4;16,0;16,0;31,4;31,4;16,0;16,0;16,0;16,0;16,0;16,0;16,0;16,0
01-08-2006;12,0;22,8;12,0;12,0;12,0;12,0;12,0;22,8;12,0;12,0;22,8;22,8;12,0;12,0;12,0;12,0;12,0;12,0;12,0;12,0
01-09-2006;0,0;25,8;0,0;0,0;0,0;0,0;0,0;25,8;0,0;0,0;25,8;25,8;0,0;0,0;0,0;0,0;0,0;0,0;0,0;0,0
01-10-2006;0,0;0,0;0,0;0,0;0,0;0,0;0,0;0,0;0,0;0,0;0,0;0,0;0,0;0,0;0,0;0,0;0,0;0,0;0,0;0,0
01-11-2006;0,0;0,0;0,0;0,0;0,0;0,0;0,0;0,0;0,0;0,0;0,0;0,0;0,0;0,0;0,0;0,0;0,0;0,0;0,0;0,0
01-12-2006;22,0;18,0;22,0;22,0;22,0;22,0;22,0;18,0;22,0;22,0;18,0;18,0;22,0;22,0;22,0;22,0;22,0;22,0;22,0;22,0
01-01-2007;10,7;15,4;10,7;10,7;10,7;10,7;10,7;15,4;10,7;10,7;15,4;15,4;10,7;10,7;10,7;10,7;10,7;10,7;10,7;10,7
01-02-2007;323,4;346,4;323,4;323,4;323,4;323,4;323,4;346,4;323,4;323,4;346,4;346,4;323,4;323,4;323,4;323,4;323,4;323,4;323,4;323,4
01-03-2007;246,6;281,2;246,6;246,6;246,6;246,6;246,6;281,2;246,6;246,6;281,2;281,2;246,6;246,6;246,6;246,6;246,6;246,6;246,6;246,6
01-04-2007;237,2;273,6;237,2;237,2;237,2;237,2;237,2;273,6;237,2;237,2;273,6;273,6;237,2;237,2;237,2;237,2;237,2;237,2;237,2;237,2
01-05-2007;120,3;364,8;120,3;120,3;120,3;120,3;120,3;364,8;120,3;120,3;364,8;364,8;120,3;120,3;120,3;120,3;120,3;120,3;120,3;120,3
01-06-2007;29,6;62,0;29,6;29,6;29,6;29,6;29,6;62,0;29,6;29,6;62,0;62,0;29,6;29,6;29,6;29,6;29,6;29,6;29,6;29,6
01-07-2007;20,0;3,0;20,0;20,0;20,0;20,0;20,0;3,0;20,0;20,0;3,0;3,0;20,0;20,0;20,0;20,0;20,0;20,0;20,0;20,0
01-08-2007;0,0;3,0;0,0;0,0;0,0;0,0;0,0;3,0;0,0;0,0;3,0;3,0;0,0;0,0;0,0;0,0;0,0;0,0;0,0;0,0
01-09-2007;0,0;0,0;0,0;0,0;0,0;0,0;0,0;0,0;0,0;0,0;0,0;0,0;0,0;0,0;0,0;0,0;0,0;0,0;0,0;0,0
01-10-2007;0,0;0,0;0,0;0,0;0,0;0,0;0,0;0,0;0,0;0,0;0,0;0,0;0,0;0,0;0,0;0,0;0,0;0,0;0,0;0,0
01-11-2007;0,0;0,0;0,0;0,0;0,0;0,0;0,0;0,0;0,0;0,0;0,0;0,0;0,0;0,0;0,0;0,0;0,0;0,0;0,0;0,0
01-12-2007;32,0;22,0;32,0;32,0;32,0;32,0;32,0;22,0;32,0;32,0;22,0;22,0;32,0;32,0;32,0;32,0;32,0;32,0;32,0;32,0
01-01-2008;240,1;245,4;240,1;240,1;240,1;240,1;240,1;245,4;240,1;240,1;245,4;245,4;240,1;240,1;240,1;240,1;181,0;240,1;240,1;240,1
01-02-2008;40,9;31,8;40,9;40,9;40,9;40,9;40,9;31,8;40,9;40,9;31,8;31,8;40,9;40,9;40,9;40,9;70,0;40,9;40,9;40,9
01-03-2008;313,5;374,0;313,5;313,5;313,5;313,5;313,5;374,0;313,5;313,5;374,0;374,0;313,5;313,5;313,5;313,5;412,0;313,5;313,5;313,5
01-04-2008;361,5;423,3;361,5;361,5;361,5;361,5;361,5;423,3;361,5;361,5;423,3;423,3;361,5;361,5;361,5;361,5;411,0;361,5;361,5;361,5
01-05-2008;220,5;187,8;220,5;220,5;220,5;220,5;220,5;187,8;220,5;220,5;187,8;187,8;220,5;220,5;220,5;220,5;221,0;220,5;220,5;220,5
01-06-2008;36,0;36,2;36,0;36,0;36,0;36,0;36,0;36,2;36,0;36,0;36,2;36,2;36,0;36,0;36,0;36,0;36,0;36,0;36,0;36,0
01-07-2008;8,3;13,4;8,3;8,3;8,3;8,3;8,3;13,4;8,3;8,3;13,4;13,4;8,3;8,3;8,3;8,3;8,3;8,3;8,3;8,3
01-08-2008;20,5;27,0;20,5;20,5;20,5;20,5;20,5;27,0;20,5;20,5;27,0;27,0;20,5;20,5;20,5;20,5;20,5;20,5;20,5;20,5
01-09-2008;0,0;0,0;0,0;0,0;0,0;0,0;0,0;0,0;0,0;0,0;0,0;0,0;0,0;0,0;0,0;0,0;0,0;0,0;0,0;0,0
01-10-2008;0,0;0,0;0,0;0,0;0,0;0,0;0,0;0,0;0,0;0,0;0,0;0,0;0,0;0,0;0,0;0,0;0,0;0,0;0,0;0,0
01-11-2008;0,0;0,0;0,0;0,0;0,0;0,0;0,0;0,0;0,0;0,0;0,0;0,0;0,0;0,0;0,0;0,0;0,0;0,0;0,0;0,0
01-12-2008;0,0;0,0;0,0;0,0;0,0;0,0;0,0;0,0;0,0;0,0;0,0;0,0;0,0;0,0;0,0;0,0;0,0;0,0;0,0;0,0
01-01-2009;132,5;114,6;132,5;132,5;132,5;132,5;132,5;114,6;132,5;132,5;114,6;114,6;132,5;132,5;132,5;132,5;192,0;132,5;132,5;132,5
01-02-2009;243,2;230,6;243,2;243,2;243,2;243,2;243,2;230,6;243,2;243,2;230,6;230,6;243,2;243,2;243,2;243,2;225,0;243,2;243,2;243,2
01-03-2009;523,0;437,2;523,0;523,0;523,0;523,0;523,0;437,2;523,0;523,0;437,2;437,2;523,0;523,0;523,0;523,0;441,0;523,0;523,0;523,0
01-04-2009;643,0;590,6;643,0;643,0;643,0;643,0;643,0;590,6;643,0;643,0;590,6;590,6;643,0;643,0;643,0;643,0;447,0;643,0;643,0;643,0
01-05-2009;252,8;301,0;252,8;252,8;252,8;252,8;252,8;301,0;252,8;252,8;301,0;301,0;252,8;252,8;252,8;252,8;250,0;252,8;252,8;252,8
01-06-2009;154,8;237,4;154,8;154,8;154,8;154,8;154,8;237,4;154,8;154,8;237,4;237,4;154,8;154,8;154,8;154,8;197,0;154,8;154,8;154,8
01-07-2009;65,0;165,8;65,0;65,0;65,0;65,0;65,0;165,8;65,0;65,0;165,8;165,8;65,0;65,0;65,0;65,0;102,0;65,0;65,0;65,0
01-08-2009;35,0;0,0;35,0;35,0;35,0;35,0;35,0;0,0;35,0;35,0;0,0;0,0;35,0;35,0;35,0;35,0;27,0;35,0;35,0;35,0
01-09-2009;2,0;0,0;2,0;2,0;2,0;2,0;2,0;0,0;2,0;2,0;0,0;0,0;2,0;2,0;2,0;2,0;0,0;2,0;2,0;2,0
01-10-2009;0,0;0,0;0,0;0,0;0,0;0,0;0,0;0,0;0,0;0,0;0,0;0,0;0,0;0,0;0,0;0,0;0,0;0,0;0,0;0,0
01-11-2009;0,0;0,0;0,0;0,0;0,0;0,0;0,0;0,0;0,0;0,0;0,0;0,0;0,0;0,0;0,0;0,0;0,0;0,0;0,0;0,0
01-12-2009;0,0;0,0;0,0;0,0;0,0;0,0;0,0;0,0;0,0;0,0;0,0;0,0;0,0;0,0;0,0;0,0;0,0;0,0;0,0;0,0
01-01-2010;76,0;61,0;76,0;76,0;76,0;76,0;76,0;61,0;76,0;76,0;61,0;61,0;76,0;60,0;60,0;76,0;60,0;60,0;60,0;60,0
01-02-2010;22,0;69,6;22,0;22,0;22,0;22,0;22,0;69,6;22,0;22,0;69,6;69,6;22,0;35,0;35,0;22,0;35,0;35,0;35,0;35,0
01-03-2010;141,2;154,0;141,2;141,2;141,2;141,2;141,2;154,0;141,2;141,2;154,0;154,0;141,2;181,5;181,5;141,2;232,5;181,5;181,5;181,5
01-04-2010;245,0;271,8;245,0;245,0;245,0;245,0;245,0;271,8;245,0;245,0;271,8;271,8;245,0;239,0;239,0;245,0;239,0;239,0;239,0;239,0
01-05-2010;136,8;153,0;136,8;136,8;136,8;136,8;136,8;153,0;136,8;136,8;153,0;153,0;136,8;95,5;95,5;136,8;95,5;95,5;95,5;95,5
01-06-2010;47,0;82,8;47,0;47,0;47,0;47,0;47,0;82,8;47,0;47,0;82,8;82,8;47,0;47,0;47,0;47,0;39,0;47,0;47,0;47,0
01-07-2010;31,0;60,0;31,0;31,0;31,0;31,0;31,0;60,0;31,0;31,0;60,0;60,0;31,0;31,0;31,0;31,0;0,0;31,0;31,0;31,0
01-08-2010;0,0;0,0;0,0;0,0;0,0;0,0;0,0;0,0;0,0;0,0;0,0;0,0;0,0;0,0;0,0;0,0;0,0;0,0;0,0;0,0
01-09-2010;0,0;0,0;0,0;0,0;0,0;0,0;0,0;0,0;0,0;0,0;0,0;0,0;0,0;0,0;0,0;0,0;0,0;0,0;0,0;0,0
01-10-2010;0,0;0,0;0,0;0,0;0,0;0,0;0,0;0,0;0,0;0,0;0,0;0,0;0,0;0,0;0,0;0,0;0,0;0,0;0,0;0,0
01-11-2010;0,0;0,0;0,0;0,0;0,0;0,0;0,0;0,0;0,0;0,0;0,0;0,0;0,0;0,0;0,0;0,0;0,0;0,0;0,0;0,0
01-12-2010;46,0;74,0;46,0;46,0;46,0;46,0;46,0;74,0;46,0;46,0;74,0;74,0;46,0;76,0;76,0;46,0;76,0;76,0;76,0;76,0
01-01-2011;355,0;433,6;355,0;355,0;355,0;355,0;355,0;433,6;355,0;355,0;433,6;433,6;355,0;326,5;326,5;355,0;326,5;326,5;326,5;326,5
01-02-2011;181,0;192,8;181,0;181,0;181,0;181,0;181,0;192,8;181,0;181,0;192,8;192,8;181,0;175,0;175,0;181,0;175,0;175,0;175,0;175,0
01-03-2011;243,0;186,6;243,0;243,0;243,0;243,0;243,0;186,6;243,0;243,0;186,6;186,6;243,0;260,0;260,0;243,0;260,0;260,0;260,0;260,0
01-04-2011;253,0;194,4;253,0;253,0;253,0;253,0;253,0;194,4;253,0;253,0;194,4;194,4;253,0;265,0;265,0;253,0;265,0;265,0;265,0;265,0
01-05-2011;145,0;224,6;145,0;145,0;145,0;145,0;145,0;224,6;145,0;145,0;224,6;224,6;145,0;130,0;130,0;145,0;130,0;130,0;130,0;130,0
01-06-2011;68,0;61,6;68,0;68,0;68,0;68,0;68,0;61,6;68,0;68,0;61,6;61,6;68,0;18,0;18,0;68,0;18,0;18,0;18,0;18,0
01-07-2011;50,0;54,8;50,0;50,0;50,0;50,0;50,0;54,8;50,0;50,0;54,8;54,8;50,0;0,0;0,0;50,0;0,0;0,0;0,0;0,0
01-08-2011;17,0;16,8;17,0;17,0;17,0;17,0;17,0;16,8;17,0;17,0;16,8;16,8;17,0;0,0;0,0;17,0;0,0;0,0;0,0;0,0
01-09-2011;0,0;0,0;0,0;0,0;0,0;0,0;0,0;0,0;0,0;0,0;0,0;0,0;0,0;0,0;0,0;0,0;0,0;0,0;0,0;0,0
01-10-2011;14,0;0,0;14,0;14,0;14,0;14,0;14,0;0,0;14,0;14,0;0,0;0,0;14,0;0,0;0,0;14,0;0,0;0,0;0,0;0,0
01-11-2011;0,0;0,0;0,0;0,0;0,0;0,0;0,0;0,0;0,0;0,0;0,0;0,0;0,0;0,0;0,0;0,0;0,0;0,0;0,0;0,0
01-12-2011;6,0;0,0;6,0;6,0;6,0;6,0;6,0;0,0;6,0;6,0;0,0;0,0;6,0;0,0;0,0;6,0;0,0;0,0;0,0;0,0
01-01-2012;24,0;23,2;24,0;24,0;24,0;24,0;24,0;23,2;24,0;24,0;23,2;23,2;24,0;12,5;12,5;24,0;10,5;12,5;12,5;12,5
01-02-2012;195,0;181,4;195,0;195,0;195,0;195,0;195,0;181,4;195,0;195,0;181,4;181,4;195,0;98,6;98,6;195,0;98,6;98,6;98,6;98,6
01-03-2012;237,0;220,6;237,0;237,0;237,0;237,0;237,0;220,6;237,0;237,0;220,6;220,6;237,0;54,0;54,0;237,0;54,0;54,0;54,0;54,0
01-04-2012;167,0;134,0;167,0;167,0;167,0;167,0;167,0;134,0;167,0;167,0;134,0;134,0;167,0;169,6;169,6;167,0;157,6;169,6;169,6;169,6
01-05-2012;86,0;57,4;86,0;86,0;86,0;86,0;86,0;57,4;86,0;86,0;57,4;57,4;86,0;86,0;86,0;86,0;48,0;86,0;86,0;86,0
01-06-2012;14,0;29,0;14,0;14,0;14,0;14,0;14,0;29,0;14,0;14,0;29,0;29,0;14,0;14,0;14,0;14,0;28,0;14,0;14,0;14,0
01-07-2012;0,0;0,0;0,0;0,0;0,0;0,0;0,0;0,0;0,0;0,0;0,0;0,0;0,0;0,0;0,0;0,0;0,0;0,0;0,0;0,0
01-08-2012;0,0;0,0;0,0;0,0;0,0;0,0;0,0;0,0;0,0;0,0;0,0;0,0;0,0;0,0;0,0;0,0;0,0;0,0;0,0;0,0
01-09-2012;0,0;0,0;0,0;0,0;0,0;0,0;0,0;0,0;0,0;0,0;0,0;0,0;0,0;0,0;0,0;0,0;0,0;0,0;0,0;0,0
01-10-2012;0,0;0,0;0,0;0,0;0,0;0,0;0,0;0,0;0,0;0,0;0,0;0,0;0,0;0,0;0,0;0,0;0,0;0,0;0,0;0,0
01-11-2012;0,0;0,0;0,0;0,0;0,0;0,0;0,0;0,0;0,0;0,0;0,0;0,0;0,0;0,0;0,0;0,0;0,0;0,0;0,0;0,0
01-12-2012;0,0;0,0;0,0;0,0;0,0;0,0;0,0;0,0;0,0;0,0;0,0;0,0;0,0;0,0;0,0;0,0;0,0;0,0;0,0;0,0
01-01-2013;55,5;52,6;55,5;55,5;55,5;55,5;55,5;52,6;55,5;55,5;52,6;52,6;55,5;55,5;55,5;55,5;49,0;55,5;55,5;55,5
01-02-2013;67,0;99,0;67,0;67,0;67,0;67,0;67,0;99,0;67,0;67,0;99,0;99,0;67,0;67,0;67,0;67,0;112,0;67,0;67,0;67,0
01-03-2013;43,0;40,4;43,0;43,0;43,0;43,0;43,0;40,4;43,0;43,0;40,4;40,4;43,0;43,0;43,0;43,0;61,0;43,0;43,0;43,0
01-04-2013;158,5;230,2;158,5;158,5;158,5;158,5;158,5;230,2;158,5;158,5;230,2;230,2;158,5;158,5;158,5;158,5;188,0;158,5;158,5;158,5
01-05-2013;317,0;260,0;317,0;317,0;317,0;317,0;317,0;260,0;317,0;317,0;260,0;260,0;317,0;317,0;317,0;317,0;199,0;317,0;317,0;317,0
01-06-2013;105,0;121,4;105,0;105,0;105,0;105,0;105,0;121,4;105,0;105,0;121,4;121,4;105,0;105,0;105,0;105,0;70,0;105,0;105,0;105,0
01-07-2013;41,0;120,2;41,0;41,0;41,0;41,0;41,0;120,2;41,0;41,0;120,2;120,2;41,0;29,0;29,0;41,0;29,0;29,0;29,0;29,0
01-08-2013;15,6;0,0;15,6;15,6;15,6;15,6;15,6;0,0;15,6;15,6;0,0;0,0;15,6;10,0;10,0;15,6;10,0;10,0;10,0;10,0
01-09-2013;0,0;0,0;0,0;0,0;0,0;0,0;0,0;0,0;0,0;0,0;0,0;0,0;0,0;0,0;0,0;0,0;0,0;0,0;0,0;0,0
01-10-2013;0,0;0,0;0,0;0,0;0,0;0,0;0,0;0,0;0,0;0,0;0,0;0,0;0,0;0,0;0,0;0,0;0,0;0,0;0,0;0,0
01-11-2013;65,0;0,0;65,0;65,0;65,0;65,0;65,0;0,0;65,0;65,0;0,0;0,0;65,0;0,0;0,0;65,0;0,0;0,0;0,0;0,0
01-12-2013;1,0;7,0;1,0;1,0;1,0;1,0;1,0;7,0;1,0;1,0;7,0;7,0;1,0;49,0;49,0;1,0;49,0;49,0;49,0;49,0
01-01-2014;84,0;48,0;84,0;84,0;84,0;84,0;84,0;48,0;84,0;84,0;48,0;48,0;84,0;93,0;93,0;84,0;93,0;93,0;93,0;93,0
01-02-2014;76,0;60,4;76,0;76,0;76,0;76,0;76,0;60,4;76,0;76,0;60,4;60,4;76,0;136,5;136,5;76,0;136,5;136,5;136,5;136,5
01-03-2014;156,0;156,0;156,0;156,0;156,0;156,0;156,0;156,0;156,0;156,0;156,0;156,0;156,0;151,0;151,0;156,0;151,0;151,0;151,0;151,0
01-04-2014;343,0;302,4;343,0;343,0;343,0;343,0;343,0;302,4;343,0;343,0;302,4;302,4;343,0;289,0;289,0;343,0;289,0;289,0;289,0;289,0
01-05-2014;84,0;153,3;84,0;84,0;84,0;84,0;84,0;153,3;84,0;84,0;153,3;153,3;84,0;71,0;71,0;84,0;71,0;71,0;71,0;71,0
01-06-2014;19,0;31,0;19,0;19,0;19,0;19,0;19,0;31,0;19,0;19,0;31,0;31,0;19,0;10,5;10,5;19,0;10,5;10,5;10,5;10,5
01-07-2014;12,0;3,0;12,0;12,0;12,0;12,0;12,0;3,0;12,0;12,0;3,0;3,0;12,0;0,0;0,0;12,0;0,0;0,0;0,0;0,0
01-08-2014;3,0;0,0;3,0;3,0;3,0;3,0;3,0;0,0;3,0;3,0;0,0;0,0;3,0;0,0;0,0;3,0;0,0;0,0;0,0;0,0
01-09-2014;2,0;0,0;2,0;2,0;2,0;2,0;2,0;0,0;2,0;2,0;0,0;0,0;2,0;0,0;0,0;2,0;0,0;0,0;0,0;0,0
01-10-2014;0,0;0,0;0,0;0,0;0,0;0,0;0,0;0,0;0,0;0,0;0,0;0,0;0,0;0,0;0,0;0,0;0,0;0,0;0,0;0,0
01-11-2014;0,0;0,0;0,0;0,0;0,0;0,0;0,0;0,0;0,0;0,0;0,0;0,0;0,0;5,0;5,0;0,0;5,0;5,0;5,0;5,0
01-12-2014;8,0;0,0;8,0;8,0;8,0;8,0;8,0;0,0;8,0;8,0;0,0;0,0;8,0;3,0;3,0;8,0;3,0;3,0;3,0;3,0
01-01-2015;43,6;52,2;43,6;43,6;43,6;43,6;43,6;52,2;43,6;43,6;52,2;52,2;43,6;24,0;24,0;43,6;24,0;24,0;24,0;24,0
01-02-2015;231,0;196,7;231,0;231,0;231,0;231,0;231,0;196,7;231,0;231,0;196,7;196,7;231,0;115,5;115,5;231,0;115,5;115,5;115,5;115,5
01-03-2015;284,4;292,3;284,4;284,4;284,4;284,4;284,4;292,3;284,4;284,4;292,3;292,3;284,4;213,0;213,0;284,4;213,0;213,0;213,0;213,0
01-04-2015;245,6;310,8;245,6;245,6;245,6;245,6;245,6;310,8;245,6;245,6;310,8;310,8;245,6;403,5;403,5;245,6;403,5;403,5;403,5;403,5
01-05-2015;96,8;71,8;96,8;96,8;96,8;96,8;96,8;71,8;96,8;96,8;71,8;71,8;96,8;31,0;31,0;96,8;31,0;31,0;31,0;31,0
01-06-2015;133,6;81,2;133,6;133,6;133,6;133,6;133,6;81,2;133,6;133,6;81,2;81,2;133,6;51,0;51,0;133,6;51,0;51,0;51,0;51,0
01-07-2015;0,0;11,4;0,0;0,0;0,0;0,0;0,0;11,4;0,0;0,0;11,4;11,4;0,0;82,5;82,5;0,0;82,5;82,5;82,5;82,5
01-08-2015;0,0;0,0;0,0;0,0;0,0;0,0;0,0;0,0;0,0;0,0;0,0;0,0;0,0;0,0;0,0;0,0;0,0;0,0;0,0;0,0
01-09-2015;0,0;0,0;0,0;0,0;0,0;0,0;0,0;0,0;0,0;0,0;0,0;0,0;0,0;0,0;0,0;0,0;0,0;0,0;0,0;0,0
01-10-2015;0,0;0,0;0,0;0,0;0,0;0,0;0,0;0,0;0,0;0,0;0,0;0,0;0,0;0,0;0,0;0,0;0,0;0,0;0,0;0,0
01-11-2015;0,0;0,0;0,0;0,0;0,0;0,0;0,0;0,0;0,0;0,0;0,0;0,0;0,0;0,0;0,0;0,0;0,0;0,0;0,0;0,0
01-12-2015;37,0;11,0;37,0;37,0;37,0;37,0;37,0;11,0;37,0;37,0;11,0;11,0;37,0;36,5;36,5;37,0;36,5;36,5;36,5;36,5
01-01-2016;251,0;371,3;251,0;251,0;251,0;251,0;251,0;371,3;251,0;251,0;371,3;371,3;251,0;277,0;277,0;251,0;277,0;277,0;277,0;277,0
01-02-2016;177,0;255,7;177,0;177,0;177,0;177,0;177,0;255,7;177,0;177,0;255,7;255,7;177,0;118,0;118,0;177,0;118,0;118,0;118,0;118,0
01-03-2016;263,0;258,4;263,0;263,0;263,0;263,0;263,0;258,4;263,0;263,0;258,4;258,4;263,0;163,0;163,0;263,0;163,0;163,0;163,0;163,0
01-04-2016;542,0;658,7;542,0;542,0;542,0;542,0;542,0;658,7;542,0;542,0;658,7;658,7;542,0;454,0;454,0;542,0;454,0;454,0;454,0;454,0
01-05-2016;73,8;114,6;73,8;73,8;73,8;73,8;73,8;114,6;73,8;73,8;114,6;114,6;73,8;113,0;113,0;73,8;113,0;113,0;113,0;113,0
01-06-2016;12,0;0,0;12,0;12,0;12,0;12,0;12,0;0,0;12,0;12,0;0,0;0,0;12,0;8,0;8,0;12,0;8,0;8,0;8,0;8,0
01-07-2016;6,0;0,0;6,0;6,0;6,0;6,0;6,0;0,0;6,0;6,0;0,0;0,0;6,0;0,0;0,0;6,0;0,0;0,0;0,0;0,0
01-08-2016;0,0;0,0;0,0;0,0;0,0;0,0;0,0;0,0;0,0;0,0;0,0;0,0;0,0;0,0;0,0;0,0;0,0;0,0;0,0;0,0
01-09-2016;0,0;0,0;0,0;0,0;0,0;0,0;0,0;0,0;0,0;0,0;0,0;0,0;0,0;0,0;0,0;0,0;0,0;0,0;0,0;0,0
01-10-2016;0,0;0,0;0,0;0,0;0,0;0,0;0,0;0,0;0,0;0,0;0,0;0,0;0,0;0,0;0,0;0,0;0,0;0,0;0,0;0,0
01-11-2016;0,0;0,0;0,0;0,0;0,0;0,0;0,0;0,0;0,0;0,0;0,0;0,0;0,0;0,0;0,0;0,0;0,0;0,0;0,0;0,0
01-12-2016;0,0;0,0;0,0;0,0;0,0;0,0;0,0;0,0;0,0;0,0;0,0;0,0;0,0;7,0;7,0;0,0;7,0;7,0;7,0;7,0
01-01-2017;153,2;153,2;153,2;153,2;153,2;153,2;153,2;153,2;153,2;153,2;136,0;136,0;153,2;102,0;102,0;153,2;102,0;102,0;102,0;102,0
01-02-2017;188,4;90,8;188,4;98,2;98,2;188,4;98,2;109,6;188,4;188,4;199,6;199,6;98,2;141,0;141,0;98,2;141,0;141,0;141,0;141,0
01-03-2017;387,6;337,0;387,6;318,2;318,2;387,6;318,2;417,6;387,6;387,6;417,6;417,6;318,2;277,0;277,0;318,2;277,0;277,0;277,0;277,0
01-04-2017;519,0;109,0;519,0;455,8;455,8;519,0;455,8;445,2;519,0;519,0;445,2;445,2;455,8;333,0;333,0;455,8;333,0;333,0;333,0;333,0
01-05-2017;231,5;8,0;231,5;302,2;302,2;231,5;302,2;256,6;231,5;231,5;256,6;256,6;302,2;216,5;216,5;302,2;216,5;216,5;216,5;216,5
01-06-2017;75,0;112,2;75,0;100,0;100,0;75,0;100,0;99,8;75,0;75,0;99,8;99,8;100,0;22,0;22,0;100,0;22,0;22,0;22,0;22,0
01-07-2017;16,0;62,3;16,0;24,0;24,0;16,0;24,0;42,0;16,0;16,0;42,0;42,0;24,0;40,0;40,0;24,0;40,0;40,0;40,0;40,0
01-08-2017;0,0;1,4;0,0;0,0;0,0;0,0;0,0;0,0;0,0;0,0;0,0;0,0;0,0;0,0;0,0;0,0;0,0;0,0;0,0;0,0
01-09-2017;0,0;0,0;0,0;0,0;0,0;0,0;0,0;0,0;0,0;0,0;0,0;0,0;0,0;0,0;0,0;0,0;0,0;0,0;0,0;0,0
01-10-2017;0,0;3,0;0,0;0,0;0,0;0,0;0,0;0,0;0,0;0,0;0,0;0,0;0,0;0,0;0,0;0,0;0,0;0,0;0,0;0,0
01-11-2017;0,0;0,0;0,0;0,0;0,0;0,0;0,0;0,0;0,0;0,0;0,0;0,0;0,0;0,0;0,0;0,0;0,0;0,0;0,0;0,0
01-12-2017;10,4;0,0;10,4;0,0;0,0;10,4;0,0;0,0;10,4;10,4;0,0;0,0;0,0;8,0;8,0;0,0;8,0;8,0;8,0;8,0
01-01-2018;96,0;91,9;96,0;136,0;136,0;96,0;136,0;50,0;96,0;96,0;50,0;50,0;136,0;49,0;49,0;136,0;49,0;49,0;49,0;49,0
01-02-2018;175,8;167,4;175,8;144,9;144,9;175,8;144,9;114,4;175,8;175,8;114,4;114,4;144,9;165,0;165,0;144,9;165,0;165,0;165,0;165,0
01-03-2018;176,2;113,9;176,2;185,3;185,3;176,2;185,3;109,2;176,2;176,2;109,2;109,2;185,3;151,0;151,0;185,3;151,0;151,0;151,0;151,0
01-04-2018;333,4;268,4;333,4;277,6;277,6;333,4;277,6;222,0;333,4;333,4;222,0;222,0;277,6;176,0;176,0;277,6;176,0;176,0;176,0;176,0
01-05-2018;134,4;197,0;134,4;187,5;187,5;134,4;187,5;134,0;134,4;134,4;134,0;134,0;187,5;87,0;87,0;187,5;87,0;87,0;87,0;87,0
01-06-2018;77,8;121,9;77,8;76,5;76,5;77,8;76,5;69,0;77,8;77,8;69,0;69,0;76,5;26,0;26,0;76,5;26,0;26,0;26,0;26,0
01-07-2018;144,0;161,3;144,0;160,8;160,8;144,0;160,8;189,0;144,0;144,0;189,0;189,0;160,8;157,0;157,0;160,8;157,0;157,0;157,0;157,0
01-08-2018;10,0;11,0;10,0;0,0;0,0;10,0;0,0;0,0;10,0;10,0;0,0;0,0;0,0;0,0;0,0;0,0;0,0;0,0;0,0;0,0
01-09-2018;0,0;0,0;0,0;0,0;0,0;0,0;0,0;0,0;0,0;0,0;0,0;0,0;0,0;0,0;0,0;0,0;0,0;0,0;0,0;0,0
01-10-2018;0,0;2,4;0,0;0,0;0,0;0,0;0,0;0,0;0,0;0,0;0,0;0,0;0,0;0,0;0,0;0,0;0,0;0,0;0,0;0,0
01-11-2018;0,0;5,8;0,0;0,0;0,0;0,0;0,0;0,0;0,0;0,0;0,0;0,0;0,0;7,0;7,0;0,0;7,0;7,0;7,0;7,0
01-12-2018;206,6;225,0;206,6;10,8;10,8;206,6;17,0;158,7;206,6;206,6;158,7;158,7;10,8;110,0;110,0;10,8;110,0;110,0;110,0;110,0
01-01-2019;172,6;210,9;172,6;118,6;118,6;172,6;118,6;159,8;172,6;172,6;159,8;159,8;118,6;135,0;135,0;118,6;135,0;135,0;135,0;135,0
01-02-2019;377,4;403,1;377,4;253,9;253,9;377,4;253,9;276,4;377,4;377,4;276,4;276,4;253,9;267,0;267,0;253,9;267,0;267,0;267,0;267,0
01-03-2019;745,8;598,6;745,8;580,8;580,8;745,8;580,8;575,8;745,8;745,8;575,8;575,8;580,8;325,0;325,0;580,8;325,0;325,0;325,0;325,0
01-04-2019;542,4;461,3;542,4;579,4;579,4;542,4;579,4;409,0;542,4;542,4;409,0;409,0;579,4;320,0;320,0;579,4;320,0;320,0;320,0;320,0
01-05-2019;376,2;357,2;376,2;203,8;203,8;376,2;203,8;261,4;376,2;376,2;261,4;261,4;203,8;197,0;197,0;203,8;197,0;197,0;197,0;197,0
01-06-2019;165,4;124,4;165,4;137,4;137,4;165,4;137,4;126,0;165,4;165,4;126,0;126,0;137,4;88,0;88,0;137,4;88,0;88,0;88,0;88,0
01-07-2019;56,4;84,8;56,4;38,0;38,0;56,4;38,0;44,6;56,4;56,4;44,6;44,6;38,0;7,0;7,0;38,0;7,0;7,0;7,0;7,0
01-08-2019;7,0;6,8;7,0;0,0;0,0;7,0;0,0;8,0;7,0;7,0;8,0;8,0;0,0;0,0;0,0;0,0;0,0;0,0;0,0;0,0
01-09-2019;0,0;14,7;0,0;0,0;0,0;0,0;0,0;0,0;0,0;0,0;0,0;0,0;0,0;0,0;0,0;0,0;0,0;0,0;0,0;0,0
01-10-2019;0,0;6,0;0,0;0,0;0,0;0,0;0,0;0,0;0,0;0,0;0,0;0,0;0,0;0,0;0,0;0,0;0,0;0,0;0,0;0,0
01-11-2019;0,0;2,3;0,0;0,0;0,0;0,0;0,0;0,0;0,0;0,0;0,0;0,0;0,0;0,0;0,0;0,0;0,0;0,0;0,0;0,0
01-12-2019;14,0;7,3;14,0;0,0;0,0;14,0;0,0;0,0;14,0;14,0;0,0;0,0;0,0;95,0;95,0;0,0;95,0;95,0;95,0;95,0
01-01-2020;225,0;278,7;225,0;225,0;225,0;225,0;195,2;195,2;225,0;225,0;195,2;195,2;225,0;227,0;227,0;225,0;227,0;227,0;227,0;227,0
01-02-2020;383,0;429,9;383,0;383,0;383,0;383,0;358,4;358,4;383,0;383,0;358,4;358,4;383,0;243,0;243,0;383,0;243,0;243,0;243,0;243,0
01-03-2020;327,2;340,8;327,2;327,2;327,2;327,2;209,0;209,0;327,2;327,2;209,0;209,0;327,2;234,0;234,0;327,2;234,0;234,0;234,0;234,0
01-04-2020;366,8;409,7;366,8;366,8;366,8;366,8;368,0;368,0;366,8;366,8;368,0;368,0;366,8;325,0;325,0;366,8;325,0;325,0;325,0;325,0
01-05-2020;183,2;223,3;183,2;183,2;183,2;183,2;212,0;212,0;183,2;183,2;212,0;212,0;183,2;96,0;96,0;183,2;96,0;96,0;96,0;96,0
01-06-2020;86,6;106,3;86,6;86,6;86,6;86,6;117,4;117,4;86,6;86,6;117,4;117,4;86,6;53,0;53,0;86,6;53,0;53,0;53,0;53,0
01-07-2020;0,0;144,1;0,0;0,0;0,0;0,0;131,0;131,0;0,0;0,0;131,0;131,0;0,0;24,0;24,0;0,0;24,0;24,0;24,0;24,0
01-08-2020;0,0;0,4;0,0;0,0;0,0;0,0;0,0;0,0;0,0;0,0;0,0;0,0;0,0;0,0;0,0;0,0;0,0;0,0;0,0;0,0
01-09-2020;0,0;0,2;0,0;0,0;0,0;0,0;0,0;0,0;0,0;0,0;0,0;0,0;0,0;0,0;0,0;0,0;0,0;0,0;0,0;0,0
01-10-2020;0,0;0,1;0,0;0,0;0,0;0,0;0,0;0,0;0,0;0,0;0,0;0,0;0,0;6,0;6,0;0,0;6,0;6,0;6,0;6,0
01-11-2020;5,0;12,2;5,0;5,0;5,0;5,0;0,0;0,0;5,0;5,0;0,0;0,0;5,0;28,0;28,0;5,0;28,0;28,0;28,0;28,0
01-12-2020;4,0;14,5;4,0;4,0;4,0;4,0;0,0;0,0;4,0;4,0;0,0;0,0;4,0;3,0;3,0;4,0;3,0;3,0;3,0;3,0
01-01-2021;62,2;54,2;62,2;62,2;62,2;62,2;45,0;45,0;62,2;62,2;45,0;45,0;62,2;44,0;44,0;62,2;44,0;44,0;44,0;44,0
01-02-2021;79,2;48,0;79,2;79,2;79,2;79,2;72,0;72,0;79,2;79,2;72,0;72,0;79,2;77,0;77,0;79,2;77,0;77,0;77,0;77,0
01-03-2021;333,5;207,0;333,5;333,5;333,5;333,5;335,0;335,0;333,5;333,5;335,0;335,0;333,5;311,0;311,0;333,5;311,0;311,0;311,0;311,0
01-04-2021;188,8;175,1;188,8;188,8;188,8;188,8;191,0;191,0;188,8;188,8;191,0;191,0;188,8;194,0;194,0;188,8;194,0;194,0;194,0;194,0
01-05-2021;243,2;162,4;243,2;243,2;243,2;243,2;212,0;212,0;243,2;243,2;212,0;212,0;243,2;108,0;108,0;243,2;108,0;108,0;108,0;108,0
01-06-2021;75,6;67,2;75,6;75,6;75,6;75,6;100,0;100,0;75,6;75,6;100,0;100,0;75,6;27,0;27,0;75,6;27,0;27,0;27,0;27,0
01-07-2021;41,8;139,8;41,8;41,8;41,8;41,8;80,0;80,0;41,8;41,8;80,0;80,0;41,8;7,0;7,0;41,8;7,0;7,0;7,0;7,0
01-08-2021;4,2;1,0;4,2;4,2;4,2;4,2;0,0;0,0;4,2;4,2;0,0;0,0;4,2;0,0;0,0;4,2;0,0;0,0;0,0;0,0
01-09-2021;8,4;1,8;8,4;8,4;8,4;8,4;0,0;0,0;8,4;8,4;0,0;0,0;8,4;0,0;0,0;8,4;0,0;0,0;0,0;0,0
01-10-2021;38,0;15,6;38,0;38,0;38,0;38,0;18,0;18,0;38,0;38,0;18,0;18,0;38,0;0,0;0,0;38,0;0,0;0,0;0,0;0,0
01-11-2021;12,6;3,8;12,6;12,6;12,6;12,6;32,0;32,0;12,6;12,6;32,0;32,0;12,6;0,0;0,0;12,6;0,0;0,0;0,0;0,0
01-12-2021;16,2;7,4;16,2;16,2;16,2;16,2;0,0;0,0;16,2;16,2;0,0;0,0;16,2;0,0;0,0;16,2;0,0;0,0;0,0;0,0
01-01-2022;234,5;136,6;234,5;234,5;234,5;234,5;283,0;283,0;234,5;234,5;283,0;283,0;234,5;204,0;204,0;234,5;204,0;204,0;204,0;204,0
01-02-2022;164,3;20,1;164,3;164,3;164,3;164,3;132,0;132,0;164,3;164,3;132,0;132,0;164,3;71,0;71,0;164,3;71,0;71,0;71,0;71,0
01-03-2022;484,6;456,6;484,6;484,6;484,6;484,6;425,0;425,0;484,6;484,6;425,0;425,0;484,6;309,0;309,0;484,6;309,0;309,0;309,0;309,0
01-04-2022;387,7;437,3;387,7;387,7;387,7;387,7;367,0;367,0;387,7;387,7;367,0;367,0;387,7;362,0;362,0;387,7;362,0;362,0;362,0;362,0
01-05-2022;310,8;351,0;310,8;310,8;310,8;310,8;311,0;311,0;310,8;310,8;311,0;311,0;310,8;256,5;256,5;310,8;256,5;256,5;256,5;256,5
01-06-2022;113,8;108,0;113,8;113,8;113,8;113,8;89,0;89,0;113,8;113,8;89,0;89,0;113,8;82,0;82,0;113,8;82,0;82,0;82,0;82,0
01-07-2022;113,1;23,6;113,1;113,1;113,1;113,1;98,0;98,0;113,1;113,1;98,0;98,0;113,1;66,0;66,0;113,1;66,0;66,0;66,0;66,0
01-08-2022;4,0;30,4;4,0;4,0;4,0;4,0;0,0;0,0;4,0;4,0;0,0;0,0;4,0;0,0;0,0;4,0;0,0;0,0;0,0;0,0
01-09-2022;0,0;0,0;0,0;0,0;0,0;0,0;0,0;0,0;0,0;0,0;0,0;0,0;0,0;0,0;0,0;0,0;0,0;0,0;0,0;0,0
01-10-2022;2,0;0,0;2,0;2,0;2,0;2,0;0,0;0,0;2,0;2,0;0,0;0,0;2,0;0,0;0,0;2,0;0,0;0,0;0,0;0,0
01-11-2022;1,0;0,0;1,0;1,0;1,0;1,0;0,0;0,0;1,0;1,0;0,0;0,0;1,0;0,0;0,0;1,0;0,0;0,0;0,0;0,0
01-12-2022;24,0;13,8;24,0;24,0;24,0;24,0;21,0;21,0;24,0;24,0;21,0;21,0;24,0;0,0;0,0;24,0;0,0;0,0;0,0;0,0
01-01-2023;118,4;161,6;118,4;110,9;110,9;118,4;107,8;98,3;118,4;118,4;98,3;98,3;110,9;69,0;69,0;110,9;69,0;69,0;69,0;69,0
01-02-2023;258,0;233,6;258,0;231,7;231,7;258,0;231,7;196,0;258,0;258,0;196,0;196,0;231,7;235,0;235,0;231,7;235,0;235,0;235,0;235,0
01-03-2023;412,1;506,8;412,1;435,9;435,9;412,1;435,9;373,0;412,1;412,1;373,0;373,0;435,9;315,0;315,0;435,9;315,0;315,0;315,0;315,0
01-04-2023;270,0;272,4;270,0;221,7;221,7;270,0;221,7;210,0;270,0;270,0;210,0;210,0;221,7;281,0;281,0;221,7;281,0;281,0;281,0;281,0
01-05-2023;116,2;106,0;116,2;156,8;156,8;116,2;156,8;150,0;116,2;116,2;150,0;150,0;156,8;75,0;75,0;156,8;75,0;75,0;75,0;75,0
01-06-2023;142,6;221,6;142,6;205,0;205,0;142,6;205,0;223,0;142,6;142,6;223,0;223,0;205,0;61,0;61,0;205,0;61,0;61,0;61,0;61,0
01-07-2023;0,0;0,0;0,0;7,7;7,7;0,0;7,7;0,0;0,0;0,0;0,0;0,0;7,7;0,0;0,0;7,7;0,0;0,0;0,0;0,0
01-08-2023;13,0;0,0;13,0;14,0;14,0;13,0;14,0;10,0;13,0;13,0;10,0;10,0;14,0;0,0;0,0;14,0;0,0;0,0;0,0;0,0
01-09-2023;0,0;0,0;0,0;2,5;2,5;0,0;2,5;0,0;0,0;0,0;0,0;0,0;2,5;0,0;0,0;2,5;0,0;0,0;0,0;0,0
01-10-2023;0,0;0,0;0,0;0,0;0,0;0,0;0,0;0,0;0,0;0,0;0,0;0,0;0,0;0,0;0,0;0,0;0,0;0,0;0,0;0,0
01-11-2023;3,6;0,0;3,6;6,7;6,7;3,6;6,7;0,0;3,6;3,6;0,0;0,0;6,7;0,0;0,0;6,7;0,0;0,0;0,0;0,0
01-12-2023;41,6;5,2;41,6;24,8;24,8;41,6;24,8;0,0;41,6;41,6;0,0;0,0;24,8;0,0;0,0;24,8;0,0;0,0;0,0;0,0
01-01-2024;97,0;40,6;97,0;89,8;89,8;97,0;89,8;80,0;97,0;97,0;80,0;80,0;89,8;78,0;78,0;89,8;78,0;78,0;78,0;78,0
01-02-2024;263,8;379,1;263,8;436,2;436,2;263,8;436,2;427,0;263,8;263,8;427,0;427,0;436,2;306,0;306,0;436,2;306,0;306,0;306,0;306,0
01-03-2024;493,4;499,5;493,4;423,8;423,8;493,4;423,8;533,0;493,4;493,4;533,0;533,0;423,8;429,0;429,0;423,8;429,0;429,0;429,0;429,0
01-04-2024;315,1;323,3;315,1;236,8;236,8;315,1;236,8;288,0;315,1;315,1;288,0;288,0;236,8;227,0;227,0;236,8;227,0;227,0;227,0;227,0
01-05-2024;268,4;332,2;268,4;335,9;335,9;268,4;335,9;285,0;268,4;268,4;285,0;285,0;335,9;217,0;217,0;335,9;217,0;217,0;217,0;217,0
01-06-2024;126,2;146,4;126,2;123,1;123,1;126,2;123,1;110,0;126,2;126,2;110,0;110,0;123,1;69,0;69,0;123,1;69,0;69,0;69,0;69,0
01-07-2024;9,4;18,0;9,4;8,8;8,8;9,4;8,8;5,0;9,4;9,4;5,0;5,0;8,8;0,0;0,0;8,8;0,0;0,0;0,0;0,0
01-08-2024;0,0;0,0;0,0;0,0;0,0;0,0;0,0;0,0;0,0;0,0;0,0;0,0;0,0;0,0;0,0;0,0;0,0;0,0;0,0;0,0
01-09-2024;0,0;0,0;0,0;0,0;0,0;0,0;0,0;0,0;0,0;0,0;0,0;0,0;0,0;0,0;0,0;0,0;0,0;0,0;0,0;0,0
01-10-2024;0,0;0,0;0,0;0,4;0,4;0,0;0,4;0,0;0,0;0,0;0,0;0,0;0,4;0,0;0,0;0,4;0,0;0,0;0,0;0,0
01-11-2024;0,0;0,0;0,0;0,0;0,0;0,0;0,0;0,0;0,0;0,0;0,0;0,0;0,0;0,0;0,0;0,0;0,0;0,0;0,0;0,0
01-12-2024;49,4;15,5;49,4;36,6;36,6;49,4;36,6;13,1;49,4;49,4;13,1;13,1;36,6;20,0;20,0;36,6;20,0;20,0;20,0;20,0
