id,Municipios,Postos,Latitude,Longitude,Anos,Meses,Total,Dia1,Dia2,Dia3,Dia4,Dia5,Dia6,Dia7,Dia8,Dia9,Dia10,Dia11,Dia12,Dia13,Dia14,Dia15,Dia16,Dia17,Dia18,Dia19,Dia20,Dia21,Dia22,Dia23,Dia24,Dia25,Dia26,Dia27,Dia28,Dia29,Dia30,Dia31,Ano_inicial,Ano_final,Primeiro_mes
712,Ocara,FAZ.NOVA CIOMA,"-4,4925","-38,555555555556",2003,1,"128,8","0,0","0,0","0,0","0,0","0,0","0,0","0,0","0,0","0,0","0,0","0,0","0,0","0,0","0,0","0,0","0,0","0,0","0,0","16,0","64,5","9,5","4,8","0,0","0,0","11,0","0,0","13,0","0,0","0,0","0,0","10,0","2003,0","2024,0","1,0"
712,Ocara,FAZ.NOVA CIOMA,"-4,4925","-38,555555555556",2003,2,"192,2","12,0","0,0","0,0","0,0","11,5","0,0","0,0","0,0","0,0","0,0","0,0","1,5","5,5","0,0","0,0","0,0","8,0","0,0","0,0","49,0","0,0","0,0","25,0","13,0","36,5","3,0","9,2","18,0","888,0","888,0","888,0","2003,0","2024,0","1,0"
712,Ocara,FAZ.NOVA CIOMA,"-4,4925","-38,555555555556",2003,3,"163,2","0,0","0,0","19,2","6,6","5,8","0,0","2,0","3,0","0,0","7,8","14,0","0,0","0,0","0,0","0,0","24,0","0,0","0,0","9,0","17,8","7,2","0,0","17,8","0,0","0,0","20,0","0,0","2,0","3,0","0,0","4,0","2003,0","2024,0","1,0"
712,Ocara,FAZ.NOVA CIOMA,"-4,4925","-38,555555555556",2003,4,"189,8","3,0","35,0","2,2","0,0","0,0","0,0","20,0","34,0","22,0","4,8","7,4","0,0","0,0","0,0","0,0","0,0","0,0","2,0","8,0","0,0","0,0","4,0","6,0","0,0","20,0","0,0","7,4","0,0","6,8","7,2","888,0","2003,0","2024,0","1,0"
712,Ocara,FAZ.NOVA CIOMA,"-4,4925","-38,555555555556",2003,5,"74,0","10,2","0,0","6,0","22,0","0,0","0,0","0,0","0,0","0,0","0,0","0,0","0,0","0,0","0,0","4,0","0,0","0,0","14,0","2,0","9,8","0,0","0,0","0,0","0,0","0,0","0,0","0,0","0,0","0,0","2,0","4,0","2003,0","2024,0","1,0"
712,Ocara,FAZ.NOVA CIOMA,"-4,4925","-38,555555555556",2003,6,"24,9","0,0","0,0","0,0","20,3","4,6","0,0","0,0","0,0","0,0","0,0","0,0","0,0","0,0","0,0","0,0","0,0","0,0","0,0","0,0","0,0","0,0","0,0","0,0","0,0","0,0","0,0","0,0","0,0","0,0","0,0","888,0","2003,0","2024,0","1,0"
712,Ocara,FAZ.NOVA CIOMA,"-4,4925","-38,555555555556",2003,7,"0,0","0,0","0,0","0,0","0,0","0,0","0,0","0,0","0,0","0,0","0,0","0,0","0,0","0,0","0,0","0,0","0,0","0,0","0,0","0,0","0,0","0,0","0,0","0,0","0,0","0,0","0,0","0,0","0,0","0,0","0,0","0,0","2003,0","2024,0","1,0"
712,Ocara,FAZ.NOVA CIOMA,"-4,4925","-38,555555555556",2003,8,"0,0","0,0","0,0","0,0","0,0","0,0","0,0","0,0","0,0","0,0","0,0","0,0","0,0","0,0","0,0","0,0","0,0","0,0","0,0","0,0","0,0","0,0","0,0","0,0","0,0","0,0","0,0","0,0","0,0","0,0","0,0","0,0","2003,0","2024,0","1,0"
712,Ocara,FAZ.NOVA CIOMA,"-4,4925","-38,555555555556",2003,9,"0,0","0,0","0,0","0,0","0,0","0,0","0,0","0,0","0,0","0,0","0,0","0,0","0,0","0,0","0,0","0,0","0,0","0,0","0,0","0,0","0,0","0,0","0,0","0,0","0,0","0,0","0,0","0,0","0,0","0,0","0,0","888,0","2003,0","2024,0","1,0"
712,Ocara,FAZ.NOVA CIOMA,"-4,4925","-38,555555555556",2003,10,"0,0","0,0","0,0","0,0","0,0","0,0","0,0","0,0","0,0","0,0","0,0","0,0","0,0","0,0","0,0","0,0","0,0","0,0","0,0","0,0","0,0","0,0","0,0","0,0","0,0","0,0","0,0","0,0","0,0","0,0","0,0","0,0","2003,0","2024,0","1,0"
712,Ocara,FAZ.NOVA CIOMA,"-4,4925","-38,555555555556",2003,11,"0,0","0,0","0,0","0,0","0,0","0,0","0,0","0,0","0,0","0,0","0,0","0,0","0,0","0,0","0,0","0,0","0,0","0,0","0,0","0,0","0,0","0,0","0,0","0,0","0,0","0,0","0,0","0,0","0,0","0,0","0,0","888,0","2003,0","2024,0","1,0"
712,Ocara,FAZ.NOVA CIOMA,"-4,4925","-38,555555555556",2003,12,"0,0","0,0","0,0","0,0","0,0","0,0","0,0","0,0","0,0","0,0","0,0","0,0","0,0","0,0","0,0","0,0","0,0","0,0","0,0","0,0","0,0","0,0","0,0","0,0","0,0","0,0","0,0","0,0","0,0","0,0","0,0","0,0","2003,0","2024,0","1,0"
712,Ocara,FAZ.NOVA CIOMA,"-4,4925","-38,555555555556",2004,1,"387,1","0,0","0,0","0,0","0,0","0,0","0,0","0,0","0,0","0,0","0,0","0,0","0,0","39,6","30,0","61,0","0,0","0,0","0,0","0,0","12,0","5,8","39,6","11,2","29,3","6,8","27,4","27,2","59,0","27,2","0,0","11,0","2003,0","2024,0","1,0"
712,Ocara,FAZ.NOVA CIOMA,"-4,4925","-38,555555555556",2004,2,"260,6","12,6","10,6","12,6","21,0","7,0","11,4","0,0","35,0","0,0","0,0","0,0","0,0","11,2","7,0","35,0","31,2","4,6","0,0","0,0","0,0","0,0","0,0","0,0","24,0","14,2","0,0","0,0","0,0","23,2","888,0","888,0","2003,0","2024,0","1,0"
712,Ocara,FAZ.NOVA CIOMA,"-4,4925","-38,555555555556",2004,3,"121,8","0,0","0,0","0,0","0,0","0,0","14,0","33,0","0,0","0,0","2,6","40,2","0,0","0,0","0,0","4,0","10,0","0,0","0,0","0,0","0,0","0,0","6,0","12,0","0,0","0,0","0,0","0,0","0,0","0,0","0,0","0,0","2003,0","2024,0","1,0"
712,Ocara,FAZ.NOVA CIOMA,"-4,4925","-38,555555555556",2004,4,"131,8","7,0","0,0","0,0","8,0","0,0","0,0","0,0","0,0","4,6","0,0","0,0","3,6","0,0","0,0","0,0","10,2","5,0","12,2","2,8","15,2","7,3","17,2","12,1","0,0","16,2","10,4","0,0","0,0","0,0","0,0","888,0","2003,0","2024,0","1,0"
712,Ocara,FAZ.NOVA CIOMA,"-4,4925","-38,555555555556",2004,5,"43,8","0,0","0,0","0,0","0,0","0,0","9,0","7,0","0,0","0,0","0,0","18,6","0,0","0,0","0,0","0,0","0,0","0,0","0,0","0,0","7,2","2,0","0,0","0,0","0,0","0,0","0,0","0,0","0,0","0,0","0,0","0,0","2003,0","2024,0","1,0"
712,Ocara,FAZ.NOVA CIOMA,"-4,4925","-38,555555555556",2004,6,"113,5","6,8","0,0","0,0","0,0","0,0","8,8","5,2","0,0","0,0","8,0","0,0","3,3","3,3","0,0","16,0","0,0","0,0","0,0","0,0","21,3","6,0","5,1","0,0","0,0","0,0","6,2","9,6","3,4","7,2","3,3","888,0","2003,0","2024,0","1,0"
712,Ocara,FAZ.NOVA CIOMA,"-4,4925","-38,555555555556",2004,7,"0,0","0,0","0,0","0,0","0,0","0,0","0,0","0,0","0,0","0,0","0,0","0,0","0,0","0,0","0,0","0,0","0,0","0,0","0,0","0,0","0,0","0,0","0,0","0,0","0,0","0,0","0,0","0,0","0,0","0,0","0,0","0,0","2003,0","2024,0","1,0"
712,Ocara,FAZ.NOVA CIOMA,"-4,4925","-38,555555555556",2004,8,"0,0","0,0","0,0","0,0","0,0","0,0","0,0","0,0","0,0","0,0","0,0","0,0","0,0","0,0","0,0","0,0","0,0","0,0","0,0","0,0","0,0","0,0","0,0","0,0","0,0","0,0","0,0","0,0","0,0","0,0","0,0","0,0","2003,0","2024,0","1,0"
712,Ocara,FAZ.NOVA CIOMA,"-4,4925","-38,555555555556",2004,9,"0,0","0,0","0,0","0,0","0,0","0,0","0,0","0,0","0,0","0,0","0,0","0,0","0,0","0,0","0,0","0,0","0,0","0,0","0,0","0,0","0,0","0,0","0,0","0,0","0,0","0,0","0,0","0,0","0,0","0,0","0,0","888,0","2003,0","2024,0","1,0"
712,Ocara,FAZ.NOVA CIOMA,"-4,4925","-38,555555555556",2004,10,"0,0","0,0","0,0","0,0","0,0","0,0","0,0","0,0","0,0","0,0","0,0","0,0","0,0","0,0","0,0","0,0","0,0","0,0","0,0","0,0","0,0","0,0","0,0","0,0","0,0","0,0","0,0","0,0","0,0","0,0","0,0","0,0","2003,0","2024,0","1,0"
712,Ocara,FAZ.NOVA CIOMA,"-4,4925","-38,555555555556",2004,11,"0,0","0,0","0,0","0,0","0,0","0,0","0,0","0,0","0,0","0,0","0,0","0,0","0,0","0,0","0,0","0,0","0,0","0,0","0,0","0,0","0,0","0,0","0,0","0,0","0,0","0,0","0,0","0,0","0,0","0,0","0,0","888,0","2003,0","2024,0","1,0"
712,Ocara,FAZ.NOVA CIOMA,"-4,4925","-38,555555555556",2004,12,"0,0","0,0","0,0","0,0","0,0","0,0","0,0","0,0","0,0","0,0","0,0","0,0","0,0","0,0","0,0","0,0","0,0","0,0","0,0","0,0","0,0","0,0","0,0","0,0","0,0","0,0","0,0","0,0","0,0","0,0","0,0","0,0","2003,0","2024,0","1,0"
712,Ocara,FAZ.NOVA CIOMA,"-4,4925","-38,555555555556",2005,1,"5,0","0,0","0,0","0,0","0,0","0,0","0,0","0,0","0,0","0,0","0,0","0,0","0,0","0,0","0,0","0,0","0,0","0,0","0,0","0,0","0,0","0,0","0,0","0,0","0,0","0,0","0,0","5,0","0,0","0,0","0,0","0,0","2003,0","2024,0","1,0"
712,Ocara,FAZ.NOVA CIOMA,"-4,4925","-38,555555555556",2005,2,"51,6","0,0","0,0","0,0","0,0","0,0","0,0","2,0","0,0","0,0","0,0","0,0","0,0","0,0","4,0","25,6","18,0","2,0","0,0","0,0","0,0","0,0","0,0","0,0","0,0","0,0","0,0","0,0","0,0","888,0","888,0","888,0","2003,0","2024,0","1,0"
712,Ocara,FAZ.NOVA CIOMA,"-4,4925","-38,555555555556",2005,3,"72,2","0,0","0,0","0,0","0,0","0,0","0,0","0,0","0,0","0,0","0,0","0,0","0,0","0,0","0,0","0,0","0,0","0,0","5,0","8,2","3,8","10,0","4,6","14,8","0,0","3,2","3,0","5,4","1,2","2,0","3,0","8,0","2003,0","2024,0","1,0"
712,Ocara,FAZ.NOVA CIOMA,"-4,4925","-38,555555555556",2005,4,"195,4","0,0","0,0","0,0","0,0","0,0","3,4","24,4","30,8","7,2","57,6","0,0","12,4","0,0","2,6","20,2","4,2","0,0","12,0","1,4","1,2","0,0","0,0","0,0","0,0","0,0","0,0","0,0","9,0","9,0","0,0","888,0","2003,0","2024,0","1,0"
712,Ocara,FAZ.NOVA CIOMA,"-4,4925","-38,555555555556",2005,5,"0,0","0,0","999,0","999,0","999,0","999,0","999,0","999,0","999,0","999,0","999,0","999,0","999,0","999,0","999,0","999,0","999,0","999,0","999,0","999,0","999,0","999,0","999,0","999,0","999,0","999,0","999,0","999,0","999,0","999,0","999,0","999,0","2003,0","2024,0","1,0"
712,Ocara,FAZ.NOVA CIOMA,"-4,4925","-38,555555555556",2005,6,"999,0","999,0","999,0","999,0","999,0","999,0","999,0","999,0","999,0","999,0","999,0","999,0","999,0","999,0","999,0","999,0","999,0","999,0","999,0","999,0","999,0","999,0","999,0","999,0","999,0","999,0","999,0","999,0","999,0","999,0","999,0","999,0",,,
712,Ocara,FAZ.NOVA CIOMA,"-4,4925","-38,555555555556",2005,7,"999,0","999,0","999,0","999,0","999,0","999,0","999,0","999,0","999,0","999,0","999,0","999,0","999,0","999,0","999,0","999,0","999,0","999,0","999,0","999,0","999,0","999,0","999,0","999,0","999,0","999,0","999,0","999,0","999,0","999,0","999,0","999,0",,,
712,Ocara,FAZ.NOVA CIOMA,"-4,4925","-38,555555555556",2005,8,"999,0","999,0","999,0","999,0","999,0","999,0","999,0","999,0","999,0","999,0","999,0","999,0","999,0","999,0","999,0","999,0","999,0","999,0","999,0","999,0","999,0","999,0","999,0","999,0","999,0","999,0","999,0","999,0","999,0","999,0","999,0","999,0",,,
712,Ocara,FAZ.NOVA CIOMA,"-4,4925","-38,555555555556",2005,9,"999,0","999,0","999,0","999,0","999,0","999,0","999,0","999,0","999,0","999,0","999,0","999,0","999,0","999,0","999,0","999,0","999,0","999,0","999,0","999,0","999,0","999,0","999,0","999,0","999,0","999,0","999,0","999,0","999,0","999,0","999,0","999,0",,,
712,Ocara,FAZ.NOVA CIOMA,"-4,4925","-38,555555555556",2005,10,"999,0","999,0","999,0","999,0","999,0","999,0","999,0","999,0","999,0","999,0","999,0","999,0","999,0","999,0","999,0","999,0","999,0","999,0","999,0","999,0","999,0","999,0","999,0","999,0","999,0","999,0","999,0","999,0","999,0","999,0","999,0","999,0",,,
712,Ocara,FAZ.NOVA CIOMA,"-4,4925","-38,555555555556",2005,11,"999,0","999,0","999,0","999,0","999,0","999,0","999,0","999,0","999,0","999,0","999,0","999,0","999,0","999,0","999,0","999,0","999,0","999,0","999,0","999,0","999,0","999,0","999,0","999,0","999,0","999,0","999,0","999,0","999,0","999,0","999,0","999,0",,,
712,Ocara,FAZ.NOVA CIOMA,"-4,4925","-38,555555555556",2005,12,"999,0","999,0","999,0","999,0","999,0","999,0","999,0","999,0","999,0","999,0","999,0","999,0","999,0","999,0","999,0","999,0","999,0","999,0","999,0","999,0","999,0","999,0","999,0","999,0","999,0","999,0","999,0","999,0","999,0","999,0","999,0","999,0",,,
712,Ocara,FAZ.NOVA CIOMA,"-4,4925","-38,555555555556",2006,1,"999,0","999,0","999,0","999,0","999,0","999,0","999,0","999,0","999,0","999,0","999,0","999,0","999,0","999,0","999,0","999,0","999,0","999,0","999,0","999,0","999,0","999,0","999,0","999,0","999,0","999,0","999,0","999,0","999,0","999,0","999,0","999,0",,,
712,Ocara,FAZ.NOVA CIOMA,"-4,4925","-38,555555555556",2006,2,"36,0","0,0","0,0","0,0","0,0","0,0","0,0","0,0","0,0","0,0","0,0","0,0","0,0","0,0","0,0","0,0","0,0","0,0","0,0","0,0","0,0","0,0","18,0","0,0","0,0","18,0","0,0","0,0","0,0","888,0","888,0","888,0","2003,0","2024,0","1,0"
712,Ocara,FAZ.NOVA CIOMA,"-4,4925","-38,555555555556",2006,3,"231,6","0,0","0,0","0,0","17,0","0,0","0,0","0,0","0,0","0,0","0,0","13,0","12,0","13,0","0,0","42,0","0,0","0,0","0,0","11,0","26,6","17,8","14,4","22,2","1,2","0,0","30,0","0,0","0,0","2,6","8,8","0,0","2003,0","2024,0","1,0"
712,Ocara,FAZ.NOVA CIOMA,"-4,4925","-38,555555555556",2006,4,"297,4","0,0","9,0","0,0","9,2","0,0","0,0","0,0","0,0","1,8","32,0","2,6","0,0","28,0","16,2","21,2","17,0","0,0","0,0","3,6","53,8","46,0","4,0","15,2","8,0","16,2","0,0","0,0","0,0","0,0","13,6","888,0","2003,0","2024,0","1,0"
712,Ocara,FAZ.NOVA CIOMA,"-4,4925","-38,555555555556",2006,5,"0,0","999,0","999,0","999,0","999,0","999,0","999,0","999,0","999,0","999,0","999,0","999,0","999,0","999,0","999,0","999,0","999,0","999,0","999,0","999,0","999,0","999,0","999,0","999,0","999,0","999,0","999,0","999,0","999,0","999,0","999,0","999,0","2003,0","2024,0","1,0"
712,Ocara,FAZ.NOVA CIOMA,"-4,4925","-38,555555555556",2006,6,"999,0","999,0","999,0","999,0","999,0","999,0","999,0","999,0","999,0","999,0","999,0","999,0","999,0","999,0","999,0","999,0","999,0","999,0","999,0","999,0","999,0","999,0","999,0","999,0","999,0","999,0","999,0","999,0","999,0","999,0","999,0","999,0",,,
712,Ocara,FAZ.NOVA CIOMA,"-4,4925","-38,555555555556",2006,7,"0,0","0,0","999,0","999,0","999,0","999,0","999,0","999,0","999,0","999,0","999,0","999,0","999,0","999,0","999,0","999,0","999,0","999,0","999,0","999,0","999,0","999,0","999,0","999,0","999,0","999,0","999,0","999,0","999,0","999,0","999,0","999,0","2003,0","2024,0","1,0"
712,Ocara,FAZ.NOVA CIOMA,"-4,4925","-38,555555555556",2006,8,"999,0","999,0","999,0","999,0","999,0","999,0","999,0","999,0","999,0","999,0","999,0","999,0","999,0","999,0","999,0","999,0","999,0","999,0","999,0","999,0","999,0","999,0","999,0","999,0","999,0","999,0","999,0","999,0","999,0","999,0","999,0","999,0",,,
712,Ocara,FAZ.NOVA CIOMA,"-4,4925","-38,555555555556",2006,9,"0,0","0,0","999,0","999,0","999,0","999,0","999,0","999,0","999,0","999,0","999,0","999,0","999,0","999,0","999,0","999,0","999,0","999,0","999,0","999,0","999,0","999,0","999,0","999,0","999,0","999,0","999,0","999,0","999,0","999,0","999,0","888,0","2003,0","2024,0","1,0"
712,Ocara,FAZ.NOVA CIOMA,"-4,4925","-38,555555555556",2006,10,"0,0","0,0","999,0","999,0","999,0","999,0","999,0","999,0","999,0","999,0","999,0","999,0","999,0","999,0","999,0","999,0","999,0","999,0","999,0","999,0","999,0","999,0","999,0","999,0","999,0","999,0","999,0","999,0","999,0","999,0","999,0","999,0","2003,0","2024,0","1,0"
712,Ocara,FAZ.NOVA CIOMA,"-4,4925","-38,555555555556",2006,11,"0,0","0,0","999,0","999,0","999,0","999,0","999,0","999,0","999,0","999,0","999,0","999,0","999,0","999,0","999,0","999,0","999,0","999,0","999,0","999,0","999,0","999,0","999,0","999,0","999,0","999,0","999,0","999,0","999,0","999,0","999,0","888,0","2003,0","2024,0","1,0"
712,Ocara,FAZ.NOVA CIOMA,"-4,4925","-38,555555555556",2006,12,"0,0","0,0","999,0","999,0","999,0","999,0","999,0","999,0","999,0","999,0","999,0","999,0","999,0","999,0","999,0","999,0","999,0","999,0","999,0","999,0","999,0","999,0","999,0","999,0","999,0","999,0","999,0","999,0","999,0","999,0","999,0","999,0","2003,0","2024,0","1,0"
712,Ocara,FAZ.NOVA CIOMA,"-4,4925","-38,555555555556",2007,1,"0,0","0,0","999,0","999,0","999,0","999,0","999,0","999,0","999,0","999,0","999,0","999,0","999,0","999,0","999,0","999,0","999,0","999,0","999,0","999,0","999,0","999,0","999,0","999,0","999,0","999,0","999,0","999,0","999,0","999,0","999,0","999,0","2003,0","2024,0","1,0"
712,Ocara,FAZ.NOVA CIOMA,"-4,4925","-38,555555555556",2007,2,"0,0","0,0","999,0","999,0","999,0","999,0","999,0","999,0","999,0","999,0","999,0","999,0","999,0","999,0","999,0","999,0","999,0","999,0","999,0","999,0","999,0","999,0","999,0","999,0","999,0","999,0","999,0","999,0","999,0","888,0","888,0","888,0","2003,0","2024,0","1,0"
712,Ocara,FAZ.NOVA CIOMA,"-4,4925","-38,555555555556",2007,3,"0,0","0,0","999,0","999,0","999,0","999,0","999,0","999,0","999,0","999,0","999,0","999,0","999,0","999,0","999,0","999,0","999,0","999,0","999,0","999,0","999,0","999,0","999,0","999,0","999,0","999,0","999,0","999,0","999,0","999,0","999,0","999,0","2003,0","2024,0","1,0"
712,Ocara,FAZ.NOVA CIOMA,"-4,4925","-38,555555555556",2007,4,"0,0","0,0","999,0","999,0","999,0","999,0","999,0","999,0","999,0","999,0","999,0","999,0","999,0","999,0","999,0","999,0","999,0","999,0","999,0","999,0","999,0","999,0","999,0","999,0","999,0","999,0","999,0","999,0","999,0","999,0","999,0","888,0","2003,0","2024,0","1,0"
712,Ocara,FAZ.NOVA CIOMA,"-4,4925","-38,555555555556",2007,5,"999,0","999,0","999,0","999,0","999,0","999,0","999,0","999,0","999,0","999,0","999,0","999,0","999,0","999,0","999,0","999,0","999,0","999,0","999,0","999,0","999,0","999,0","999,0","999,0","999,0","999,0","999,0","999,0","999,0","999,0","999,0","999,0",,,
712,Ocara,FAZ.NOVA CIOMA,"-4,4925","-38,555555555556",2007,6,"999,0","999,0","999,0","999,0","999,0","999,0","999,0","999,0","999,0","999,0","999,0","999,0","999,0","999,0","999,0","999,0","999,0","999,0","999,0","999,0","999,0","999,0","999,0","999,0","999,0","999,0","999,0","999,0","999,0","999,0","999,0","999,0",,,
712,Ocara,FAZ.NOVA CIOMA,"-4,4925","-38,555555555556",2007,7,"999,0","999,0","999,0","999,0","999,0","999,0","999,0","999,0","999,0","999,0","999,0","999,0","999,0","999,0","999,0","999,0","999,0","999,0","999,0","999,0","999,0","999,0","999,0","999,0","999,0","999,0","999,0","999,0","999,0","999,0","999,0","999,0",,,
712,Ocara,FAZ.NOVA CIOMA,"-4,4925","-38,555555555556",2007,8,"999,0","999,0","999,0","999,0","999,0","999,0","999,0","999,0","999,0","999,0","999,0","999,0","999,0","999,0","999,0","999,0","999,0","999,0","999,0","999,0","999,0","999,0","999,0","999,0","999,0","999,0","999,0","999,0","999,0","999,0","999,0","999,0",,,
712,Ocara,FAZ.NOVA CIOMA,"-4,4925","-38,555555555556",2007,9,"999,0","999,0","999,0","999,0","999,0","999,0","999,0","999,0","999,0","999,0","999,0","999,0","999,0","999,0","999,0","999,0","999,0","999,0","999,0","999,0","999,0","999,0","999,0","999,0","999,0","999,0","999,0","999,0","999,0","999,0","999,0","999,0",,,
712,Ocara,FAZ.NOVA CIOMA,"-4,4925","-38,555555555556",2007,10,"999,0","999,0","999,0","999,0","999,0","999,0","999,0","999,0","999,0","999,0","999,0","999,0","999,0","999,0","999,0","999,0","999,0","999,0","999,0","999,0","999,0","999,0","999,0","999,0","999,0","999,0","999,0","999,0","999,0","999,0","999,0","999,0",,,
712,Ocara,FAZ.NOVA CIOMA,"-4,4925","-38,555555555556",2007,11,"999,0","999,0","999,0","999,0","999,0","999,0","999,0","999,0","999,0","999,0","999,0","999,0","999,0","999,0","999,0","999,0","999,0","999,0","999,0","999,0","999,0","999,0","999,0","999,0","999,0","999,0","999,0","999,0","999,0","999,0","999,0","999,0",,,
712,Ocara,FAZ.NOVA CIOMA,"-4,4925","-38,555555555556",2007,12,"999,0","999,0","999,0","999,0","999,0","999,0","999,0","999,0","999,0","999,0","999,0","999,0","999,0","999,0","999,0","999,0","999,0","999,0","999,0","999,0","999,0","999,0","999,0","999,0","999,0","999,0","999,0","999,0","999,0","999,0","999,0","999,0",,,
712,Ocara,FAZ.NOVA CIOMA,"-4,4925","-38,555555555556",2008,1,"999,0","999,0","999,0","999,0","999,0","999,0","999,0","999,0","999,0","999,0","999,0","999,0","999,0","999,0","999,0","999,0","999,0","999,0","999,0","999,0","999,0","999,0","999,0","999,0","999,0","999,0","999,0","999,0","999,0","999,0","999,0","999,0",,,
712,Ocara,FAZ.NOVA CIOMA,"-4,4925","-38,555555555556",2008,2,"999,0","999,0","999,0","999,0","999,0","999,0","999,0","999,0","999,0","999,0","999,0","999,0","999,0","999,0","999,0","999,0","999,0","999,0","999,0","999,0","999,0","999,0","999,0","999,0","999,0","999,0","999,0","999,0","999,0","999,0","999,0","999,0",,,
712,Ocara,FAZ.NOVA CIOMA,"-4,4925","-38,555555555556",2008,3,"999,0","999,0","999,0","999,0","999,0","999,0","999,0","999,0","999,0","999,0","999,0","999,0","999,0","999,0","999,0","999,0","999,0","999,0","999,0","999,0","999,0","999,0","999,0","999,0","999,0","999,0","999,0","999,0","999,0","999,0","999,0","999,0",,,
712,Ocara,FAZ.NOVA CIOMA,"-4,4925","-38,555555555556",2008,4,"999,0","999,0","999,0","999,0","999,0","999,0","999,0","999,0","999,0","999,0","999,0","999,0","999,0","999,0","999,0","999,0","999,0","999,0","999,0","999,0","999,0","999,0","999,0","999,0","999,0","999,0","999,0","999,0","999,0","999,0","999,0","999,0",,,
712,Ocara,FAZ.NOVA CIOMA,"-4,4925","-38,555555555556",2008,5,"999,0","999,0","999,0","999,0","999,0","999,0","999,0","999,0","999,0","999,0","999,0","999,0","999,0","999,0","999,0","999,0","999,0","999,0","999,0","999,0","999,0","999,0","999,0","999,0","999,0","999,0","999,0","999,0","999,0","999,0","999,0","999,0",,,
712,Ocara,FAZ.NOVA CIOMA,"-4,4925","-38,555555555556",2008,6,"999,0","999,0","999,0","999,0","999,0","999,0","999,0","999,0","999,0","999,0","999,0","999,0","999,0","999,0","999,0","999,0","999,0","999,0","999,0","999,0","999,0","999,0","999,0","999,0","999,0","999,0","999,0","999,0","999,0","999,0","999,0","999,0",,,
712,Ocara,FAZ.NOVA CIOMA,"-4,4925","-38,555555555556",2008,7,"999,0","999,0","999,0","999,0","999,0","999,0","999,0","999,0","999,0","999,0","999,0","999,0","999,0","999,0","999,0","999,0","999,0","999,0","999,0","999,0","999,0","999,0","999,0","999,0","999,0","999,0","999,0","999,0","999,0","999,0","999,0","999,0",,,
712,Ocara,FAZ.NOVA CIOMA,"-4,4925","-38,555555555556",2008,8,"999,0","999,0","999,0","999,0","999,0","999,0","999,0","999,0","999,0","999,0","999,0","999,0","999,0","999,0","999,0","999,0","999,0","999,0","999,0","999,0","999,0","999,0","999,0","999,0","999,0","999,0","999,0","999,0","999,0","999,0","999,0","999,0",,,
712,Ocara,FAZ.NOVA CIOMA,"-4,4925","-38,555555555556",2008,9,"999,0","999,0","999,0","999,0","999,0","999,0","999,0","999,0","999,0","999,0","999,0","999,0","999,0","999,0","999,0","999,0","999,0","999,0","999,0","999,0","999,0","999,0","999,0","999,0","999,0","999,0","999,0","999,0","999,0","999,0","999,0","999,0",,,
712,Ocara,FAZ.NOVA CIOMA,"-4,4925","-38,555555555556",2008,10,"999,0","999,0","999,0","999,0","999,0","999,0","999,0","999,0","999,0","999,0","999,0","999,0","999,0","999,0","999,0","999,0","999,0","999,0","999,0","999,0","999,0","999,0","999,0","999,0","999,0","999,0","999,0","999,0","999,0","999,0","999,0","999,0",,,
712,Ocara,FAZ.NOVA CIOMA,"-4,4925","-38,555555555556",2008,11,"999,0","999,0","999,0","999,0","999,0","999,0","999,0","999,0","999,0","999,0","999,0","999,0","999,0","999,0","999,0","999,0","999,0","999,0","999,0","999,0","999,0","999,0","999,0","999,0","999,0","999,0","999,0","999,0","999,0","999,0","999,0","999,0",,,
712,Ocara,FAZ.NOVA CIOMA,"-4,4925","-38,555555555556",2008,12,"0,0","0,0","999,0","999,0","999,0","999,0","999,0","999,0","999,0","999,0","999,0","999,0","999,0","999,0","999,0","999,0","999,0","999,0","999,0","999,0","999,0","999,0","999,0","999,0","999,0","999,0","999,0","999,0","999,0","999,0","999,0","999,0","2003,0","2024,0","1,0"
712,Ocara,FAZ.NOVA CIOMA,"-4,4925","-38,555555555556",2009,1,"999,0","999,0","999,0","999,0","999,0","999,0","999,0","999,0","999,0","999,0","999,0","999,0","999,0","999,0","999,0","999,0","999,0","999,0","999,0","999,0","999,0","999,0","999,0","999,0","999,0","999,0","999,0","999,0","999,0","999,0","999,0","999,0",,,
712,Ocara,FAZ.NOVA CIOMA,"-4,4925","-38,555555555556",2009,2,"999,0","999,0","999,0","999,0","999,0","999,0","999,0","999,0","999,0","999,0","999,0","999,0","999,0","999,0","999,0","999,0","999,0","999,0","999,0","999,0","999,0","999,0","999,0","999,0","999,0","999,0","999,0","999,0","999,0","999,0","999,0","999,0",,,
712,Ocara,FAZ.NOVA CIOMA,"-4,4925","-38,555555555556",2009,3,"999,0","999,0","999,0","999,0","999,0","999,0","999,0","999,0","999,0","999,0","999,0","999,0","999,0","999,0","999,0","999,0","999,0","999,0","999,0","999,0","999,0","999,0","999,0","999,0","999,0","999,0","999,0","999,0","999,0","999,0","999,0","999,0",,,
712,Ocara,FAZ.NOVA CIOMA,"-4,4925","-38,555555555556",2009,4,"999,0","999,0","999,0","999,0","999,0","999,0","999,0","999,0","999,0","999,0","999,0","999,0","999,0","999,0","999,0","999,0","999,0","999,0","999,0","999,0","999,0","999,0","999,0","999,0","999,0","999,0","999,0","999,0","999,0","999,0","999,0","999,0",,,
712,Ocara,FAZ.NOVA CIOMA,"-4,4925","-38,555555555556",2009,5,"999,0","999,0","999,0","999,0","999,0","999,0","999,0","999,0","999,0","999,0","999,0","999,0","999,0","999,0","999,0","999,0","999,0","999,0","999,0","999,0","999,0","999,0","999,0","999,0","999,0","999,0","999,0","999,0","999,0","999,0","999,0","999,0",,,
712,Ocara,FAZ.NOVA CIOMA,"-4,4925","-38,555555555556",2009,6,"999,0","999,0","999,0","999,0","999,0","999,0","999,0","999,0","999,0","999,0","999,0","999,0","999,0","999,0","999,0","999,0","999,0","999,0","999,0","999,0","999,0","999,0","999,0","999,0","999,0","999,0","999,0","999,0","999,0","999,0","999,0","999,0",,,
712,Ocara,FAZ.NOVA CIOMA,"-4,4925","-38,555555555556",2009,7,"999,0","999,0","999,0","999,0","999,0","999,0","999,0","999,0","999,0","999,0","999,0","999,0","999,0","999,0","999,0","999,0","999,0","999,0","999,0","999,0","999,0","999,0","999,0","999,0","999,0","999,0","999,0","999,0","999,0","999,0","999,0","999,0",,,
712,Ocara,FAZ.NOVA CIOMA,"-4,4925","-38,555555555556",2009,8,"999,0","999,0","999,0","999,0","999,0","999,0","999,0","999,0","999,0","999,0","999,0","999,0","999,0","999,0","999,0","999,0","999,0","999,0","999,0","999,0","999,0","999,0","999,0","999,0","999,0","999,0","999,0","999,0","999,0","999,0","999,0","999,0",,,
712,Ocara,FAZ.NOVA CIOMA,"-4,4925","-38,555555555556",2009,9,"999,0","999,0","999,0","999,0","999,0","999,0","999,0","999,0","999,0","999,0","999,0","999,0","999,0","999,0","999,0","999,0","999,0","999,0","999,0","999,0","999,0","999,0","999,0","999,0","999,0","999,0","999,0","999,0","999,0","999,0","999,0","999,0",,,
712,Ocara,FAZ.NOVA CIOMA,"-4,4925","-38,555555555556",2009,10,"999,0","999,0","999,0","999,0","999,0","999,0","999,0","999,0","999,0","999,0","999,0","999,0","999,0","999,0","999,0","999,0","999,0","999,0","999,0","999,0","999,0","999,0","999,0","999,0","999,0","999,0","999,0","999,0","999,0","999,0","999,0","999,0",,,
712,Ocara,FAZ.NOVA CIOMA,"-4,4925","-38,555555555556",2009,11,"999,0","999,0","999,0","999,0","999,0","999,0","999,0","999,0","999,0","999,0","999,0","999,0","999,0","999,0","999,0","999,0","999,0","999,0","999,0","999,0","999,0","999,0","999,0","999,0","999,0","999,0","999,0","999,0","999,0","999,0","999,0","999,0",,,
712,Ocara,FAZ.NOVA CIOMA,"-4,4925","-38,555555555556",2009,12,"999,0","999,0","999,0","999,0","999,0","999,0","999,0","999,0","999,0","999,0","999,0","999,0","999,0","999,0","999,0","999,0","999,0","999,0","999,0","999,0","999,0","999,0","999,0","999,0","999,0","999,0","999,0","999,0","999,0","999,0","999,0","999,0",,,
712,Ocara,FAZ.NOVA CIOMA,"-4,4925","-38,555555555556",2010,1,"999,0","999,0","999,0","999,0","999,0","999,0","999,0","999,0","999,0","999,0","999,0","999,0","999,0","999,0","999,0","999,0","999,0","999,0","999,0","999,0","999,0","999,0","999,0","999,0","999,0","999,0","999,0","999,0","999,0","999,0","999,0","999,0",,,
712,Ocara,FAZ.NOVA CIOMA,"-4,4925","-38,555555555556",2010,2,"999,0","999,0","999,0","999,0","999,0","999,0","999,0","999,0","999,0","999,0","999,0","999,0","999,0","999,0","999,0","999,0","999,0","999,0","999,0","999,0","999,0","999,0","999,0","999,0","999,0","999,0","999,0","999,0","999,0","999,0","999,0","999,0",,,
712,Ocara,FAZ.NOVA CIOMA,"-4,4925","-38,555555555556",2010,3,"999,0","999,0","999,0","999,0","999,0","999,0","999,0","999,0","999,0","999,0","999,0","999,0","999,0","999,0","999,0","999,0","999,0","999,0","999,0","999,0","999,0","999,0","999,0","999,0","999,0","999,0","999,0","999,0","999,0","999,0","999,0","999,0",,,
712,Ocara,FAZ.NOVA CIOMA,"-4,4925","-38,555555555556",2010,4,"999,0","999,0","999,0","999,0","999,0","999,0","999,0","999,0","999,0","999,0","999,0","999,0","999,0","999,0","999,0","999,0","999,0","999,0","999,0","999,0","999,0","999,0","999,0","999,0","999,0","999,0","999,0","999,0","999,0","999,0","999,0","999,0",,,
712,Ocara,FAZ.NOVA CIOMA,"-4,4925","-38,555555555556",2010,5,"999,0","999,0","999,0","999,0","999,0","999,0","999,0","999,0","999,0","999,0","999,0","999,0","999,0","999,0","999,0","999,0","999,0","999,0","999,0","999,0","999,0","999,0","999,0","999,0","999,0","999,0","999,0","999,0","999,0","999,0","999,0","999,0",,,
712,Ocara,FAZ.NOVA CIOMA,"-4,4925","-38,555555555556",2010,6,"999,0","999,0","999,0","999,0","999,0","999,0","999,0","999,0","999,0","999,0","999,0","999,0","999,0","999,0","999,0","999,0","999,0","999,0","999,0","999,0","999,0","999,0","999,0","999,0","999,0","999,0","999,0","999,0","999,0","999,0","999,0","999,0",,,
712,Ocara,FAZ.NOVA CIOMA,"-4,4925","-38,555555555556",2010,7,"999,0","999,0","999,0","999,0","999,0","999,0","999,0","999,0","999,0","999,0","999,0","999,0","999,0","999,0","999,0","999,0","999,0","999,0","999,0","999,0","999,0","999,0","999,0","999,0","999,0","999,0","999,0","999,0","999,0","999,0","999,0","999,0",,,
712,Ocara,FAZ.NOVA CIOMA,"-4,4925","-38,555555555556",2010,8,"999,0","999,0","999,0","999,0","999,0","999,0","999,0","999,0","999,0","999,0","999,0","999,0","999,0","999,0","999,0","999,0","999,0","999,0","999,0","999,0","999,0","999,0","999,0","999,0","999,0","999,0","999,0","999,0","999,0","999,0","999,0","999,0",,,
712,Ocara,FAZ.NOVA CIOMA,"-4,4925","-38,555555555556",2010,9,"999,0","999,0","999,0","999,0","999,0","999,0","999,0","999,0","999,0","999,0","999,0","999,0","999,0","999,0","999,0","999,0","999,0","999,0","999,0","999,0","999,0","999,0","999,0","999,0","999,0","999,0","999,0","999,0","999,0","999,0","999,0","999,0",,,
712,Ocara,FAZ.NOVA CIOMA,"-4,4925","-38,555555555556",2010,10,"999,0","999,0","999,0","999,0","999,0","999,0","999,0","999,0","999,0","999,0","999,0","999,0","999,0","999,0","999,0","999,0","999,0","999,0","999,0","999,0","999,0","999,0","999,0","999,0","999,0","999,0","999,0","999,0","999,0","999,0","999,0","999,0",,,
712,Ocara,FAZ.NOVA CIOMA,"-4,4925","-38,555555555556",2010,11,"999,0","999,0","999,0","999,0","999,0","999,0","999,0","999,0","999,0","999,0","999,0","999,0","999,0","999,0","999,0","999,0","999,0","999,0","999,0","999,0","999,0","999,0","999,0","999,0","999,0","999,0","999,0","999,0","999,0","999,0","999,0","999,0",,,
712,Ocara,FAZ.NOVA CIOMA,"-4,4925","-38,555555555556",2010,12,"999,0","999,0","999,0","999,0","999,0","999,0","999,0","999,0","999,0","999,0","999,0","999,0","999,0","999,0","999,0","999,0","999,0","999,0","999,0","999,0","999,0","999,0","999,0","999,0","999,0","999,0","999,0","999,0","999,0","999,0","999,0","999,0",,,
712,Ocara,FAZ.NOVA CIOMA,"-4,4925","-38,555555555556",2011,1,"999,0","999,0","999,0","999,0","999,0","999,0","999,0","999,0","999,0","999,0","999,0","999,0","999,0","999,0","999,0","999,0","999,0","999,0","999,0","999,0","999,0","999,0","999,0","999,0","999,0","999,0","999,0","999,0","999,0","999,0","999,0","999,0",,,
712,Ocara,FAZ.NOVA CIOMA,"-4,4925","-38,555555555556",2011,2,"999,0","999,0","999,0","999,0","999,0","999,0","999,0","999,0","999,0","999,0","999,0","999,0","999,0","999,0","999,0","999,0","999,0","999,0","999,0","999,0","999,0","999,0","999,0","999,0","999,0","999,0","999,0","999,0","999,0","999,0","999,0","999,0",,,
712,Ocara,FAZ.NOVA CIOMA,"-4,4925","-38,555555555556",2011,3,"999,0","999,0","999,0","999,0","999,0","999,0","999,0","999,0","999,0","999,0","999,0","999,0","999,0","999,0","999,0","999,0","999,0","999,0","999,0","999,0","999,0","999,0","999,0","999,0","999,0","999,0","999,0","999,0","999,0","999,0","999,0","999,0",,,
712,Ocara,FAZ.NOVA CIOMA,"-4,4925","-38,555555555556",2011,4,"999,0","999,0","999,0","999,0","999,0","999,0","999,0","999,0","999,0","999,0","999,0","999,0","999,0","999,0","999,0","999,0","999,0","999,0","999,0","999,0","999,0","999,0","999,0","999,0","999,0","999,0","999,0","999,0","999,0","999,0","999,0","999,0",,,
712,Ocara,FAZ.NOVA CIOMA,"-4,4925","-38,555555555556",2011,5,"999,0","999,0","999,0","999,0","999,0","999,0","999,0","999,0","999,0","999,0","999,0","999,0","999,0","999,0","999,0","999,0","999,0","999,0","999,0","999,0","999,0","999,0","999,0","999,0","999,0","999,0","999,0","999,0","999,0","999,0","999,0","999,0",,,
712,Ocara,FAZ.NOVA CIOMA,"-4,4925","-38,555555555556",2011,6,"999,0","999,0","999,0","999,0","999,0","999,0","999,0","999,0","999,0","999,0","999,0","999,0","999,0","999,0","999,0","999,0","999,0","999,0","999,0","999,0","999,0","999,0","999,0","999,0","999,0","999,0","999,0","999,0","999,0","999,0","999,0","999,0",,,
712,Ocara,FAZ.NOVA CIOMA,"-4,4925","-38,555555555556",2011,7,"999,0","999,0","999,0","999,0","999,0","999,0","999,0","999,0","999,0","999,0","999,0","999,0","999,0","999,0","999,0","999,0","999,0","999,0","999,0","999,0","999,0","999,0","999,0","999,0","999,0","999,0","999,0","999,0","999,0","999,0","999,0","999,0",,,
712,Ocara,FAZ.NOVA CIOMA,"-4,4925","-38,555555555556",2011,8,"999,0","999,0","999,0","999,0","999,0","999,0","999,0","999,0","999,0","999,0","999,0","999,0","999,0","999,0","999,0","999,0","999,0","999,0","999,0","999,0","999,0","999,0","999,0","999,0","999,0","999,0","999,0","999,0","999,0","999,0","999,0","999,0",,,
712,Ocara,FAZ.NOVA CIOMA,"-4,4925","-38,555555555556",2011,9,"999,0","999,0","999,0","999,0","999,0","999,0","999,0","999,0","999,0","999,0","999,0","999,0","999,0","999,0","999,0","999,0","999,0","999,0","999,0","999,0","999,0","999,0","999,0","999,0","999,0","999,0","999,0","999,0","999,0","999,0","999,0","999,0",,,
712,Ocara,FAZ.NOVA CIOMA,"-4,4925","-38,555555555556",2011,10,"999,0","999,0","999,0","999,0","999,0","999,0","999,0","999,0","999,0","999,0","999,0","999,0","999,0","999,0","999,0","999,0","999,0","999,0","999,0","999,0","999,0","999,0","999,0","999,0","999,0","999,0","999,0","999,0","999,0","999,0","999,0","999,0",,,
712,Ocara,FAZ.NOVA CIOMA,"-4,4925","-38,555555555556",2011,11,"999,0","999,0","999,0","999,0","999,0","999,0","999,0","999,0","999,0","999,0","999,0","999,0","999,0","999,0","999,0","999,0","999,0","999,0","999,0","999,0","999,0","999,0","999,0","999,0","999,0","999,0","999,0","999,0","999,0","999,0","999,0","999,0",,,
712,Ocara,FAZ.NOVA CIOMA,"-4,4925","-38,555555555556",2011,12,"999,0","999,0","999,0","999,0","999,0","999,0","999,0","999,0","999,0","999,0","999,0","999,0","999,0","999,0","999,0","999,0","999,0","999,0","999,0","999,0","999,0","999,0","999,0","999,0","999,0","999,0","999,0","999,0","999,0","999,0","999,0","999,0",,,
712,Ocara,FAZ.NOVA CIOMA,"-4,4925","-38,555555555556",2012,1,"999,0","999,0","999,0","999,0","999,0","999,0","999,0","999,0","999,0","999,0","999,0","999,0","999,0","999,0","999,0","999,0","999,0","999,0","999,0","999,0","999,0","999,0","999,0","999,0","999,0","999,0","999,0","999,0","999,0","999,0","999,0","999,0",,,
712,Ocara,FAZ.NOVA CIOMA,"-4,4925","-38,555555555556",2012,2,"999,0","999,0","999,0","999,0","999,0","999,0","999,0","999,0","999,0","999,0","999,0","999,0","999,0","999,0","999,0","999,0","999,0","999,0","999,0","999,0","999,0","999,0","999,0","999,0","999,0","999,0","999,0","999,0","999,0","999,0","999,0","999,0",,,
712,Ocara,FAZ.NOVA CIOMA,"-4,4925","-38,555555555556",2012,3,"999,0","999,0","999,0","999,0","999,0","999,0","999,0","999,0","999,0","999,0","999,0","999,0","999,0","999,0","999,0","999,0","999,0","999,0","999,0","999,0","999,0","999,0","999,0","999,0","999,0","999,0","999,0","999,0","999,0","999,0","999,0","999,0",,,
712,Ocara,FAZ.NOVA CIOMA,"-4,4925","-38,555555555556",2012,4,"999,0","999,0","999,0","999,0","999,0","999,0","999,0","999,0","999,0","999,0","999,0","999,0","999,0","999,0","999,0","999,0","999,0","999,0","999,0","999,0","999,0","999,0","999,0","999,0","999,0","999,0","999,0","999,0","999,0","999,0","999,0","999,0",,,
712,Ocara,FAZ.NOVA CIOMA,"-4,4925","-38,555555555556",2012,5,"999,0","999,0","999,0","999,0","999,0","999,0","999,0","999,0","999,0","999,0","999,0","999,0","999,0","999,0","999,0","999,0","999,0","999,0","999,0","999,0","999,0","999,0","999,0","999,0","999,0","999,0","999,0","999,0","999,0","999,0","999,0","999,0",,,
712,Ocara,FAZ.NOVA CIOMA,"-4,4925","-38,555555555556",2012,6,"999,0","999,0","999,0","999,0","999,0","999,0","999,0","999,0","999,0","999,0","999,0","999,0","999,0","999,0","999,0","999,0","999,0","999,0","999,0","999,0","999,0","999,0","999,0","999,0","999,0","999,0","999,0","999,0","999,0","999,0","999,0","999,0",,,
712,Ocara,FAZ.NOVA CIOMA,"-4,4925","-38,555555555556",2012,7,"999,0","999,0","999,0","999,0","999,0","999,0","999,0","999,0","999,0","999,0","999,0","999,0","999,0","999,0","999,0","999,0","999,0","999,0","999,0","999,0","999,0","999,0","999,0","999,0","999,0","999,0","999,0","999,0","999,0","999,0","999,0","999,0",,,
712,Ocara,FAZ.NOVA CIOMA,"-4,4925","-38,555555555556",2012,8,"999,0","999,0","999,0","999,0","999,0","999,0","999,0","999,0","999,0","999,0","999,0","999,0","999,0","999,0","999,0","999,0","999,0","999,0","999,0","999,0","999,0","999,0","999,0","999,0","999,0","999,0","999,0","999,0","999,0","999,0","999,0","999,0",,,
712,Ocara,FAZ.NOVA CIOMA,"-4,4925","-38,555555555556",2012,9,"999,0","999,0","999,0","999,0","999,0","999,0","999,0","999,0","999,0","999,0","999,0","999,0","999,0","999,0","999,0","999,0","999,0","999,0","999,0","999,0","999,0","999,0","999,0","999,0","999,0","999,0","999,0","999,0","999,0","999,0","999,0","999,0",,,
712,Ocara,FAZ.NOVA CIOMA,"-4,4925","-38,555555555556",2012,10,"999,0","999,0","999,0","999,0","999,0","999,0","999,0","999,0","999,0","999,0","999,0","999,0","999,0","999,0","999,0","999,0","999,0","999,0","999,0","999,0","999,0","999,0","999,0","999,0","999,0","999,0","999,0","999,0","999,0","999,0","999,0","999,0",,,
712,Ocara,FAZ.NOVA CIOMA,"-4,4925","-38,555555555556",2012,11,"999,0","999,0","999,0","999,0","999,0","999,0","999,0","999,0","999,0","999,0","999,0","999,0","999,0","999,0","999,0","999,0","999,0","999,0","999,0","999,0","999,0","999,0","999,0","999,0","999,0","999,0","999,0","999,0","999,0","999,0","999,0","999,0",,,
712,Ocara,FAZ.NOVA CIOMA,"-4,4925","-38,555555555556",2012,12,"999,0","999,0","999,0","999,0","999,0","999,0","999,0","999,0","999,0","999,0","999,0","999,0","999,0","999,0","999,0","999,0","999,0","999,0","999,0","999,0","999,0","999,0","999,0","999,0","999,0","999,0","999,0","999,0","999,0","999,0","999,0","999,0",,,
712,Ocara,FAZ.NOVA CIOMA,"-4,4925","-38,555555555556",2013,1,"999,0","999,0","999,0","999,0","999,0","999,0","999,0","999,0","999,0","999,0","999,0","999,0","999,0","999,0","999,0","999,0","999,0","999,0","999,0","999,0","999,0","999,0","999,0","999,0","999,0","999,0","999,0","999,0","999,0","999,0","999,0","999,0",,,
712,Ocara,FAZ.NOVA CIOMA,"-4,4925","-38,555555555556",2013,2,"999,0","999,0","999,0","999,0","999,0","999,0","999,0","999,0","999,0","999,0","999,0","999,0","999,0","999,0","999,0","999,0","999,0","999,0","999,0","999,0","999,0","999,0","999,0","999,0","999,0","999,0","999,0","999,0","999,0","999,0","999,0","999,0",,,
712,Ocara,FAZ.NOVA CIOMA,"-4,4925","-38,555555555556",2013,3,"999,0","999,0","999,0","999,0","999,0","999,0","999,0","999,0","999,0","999,0","999,0","999,0","999,0","999,0","999,0","999,0","999,0","999,0","999,0","999,0","999,0","999,0","999,0","999,0","999,0","999,0","999,0","999,0","999,0","999,0","999,0","999,0",,,
712,Ocara,FAZ.NOVA CIOMA,"-4,4925","-38,555555555556",2013,4,"999,0","999,0","999,0","999,0","999,0","999,0","999,0","999,0","999,0","999,0","999,0","999,0","999,0","999,0","999,0","999,0","999,0","999,0","999,0","999,0","999,0","999,0","999,0","999,0","999,0","999,0","999,0","999,0","999,0","999,0","999,0","999,0",,,
712,Ocara,FAZ.NOVA CIOMA,"-4,4925","-38,555555555556",2013,5,"999,0","999,0","999,0","999,0","999,0","999,0","999,0","999,0","999,0","999,0","999,0","999,0","999,0","999,0","999,0","999,0","999,0","999,0","999,0","999,0","999,0","999,0","999,0","999,0","999,0","999,0","999,0","999,0","999,0","999,0","999,0","999,0",,,
712,Ocara,FAZ.NOVA CIOMA,"-4,4925","-38,555555555556",2013,6,"999,0","999,0","999,0","999,0","999,0","999,0","999,0","999,0","999,0","999,0","999,0","999,0","999,0","999,0","999,0","999,0","999,0","999,0","999,0","999,0","999,0","999,0","999,0","999,0","999,0","999,0","999,0","999,0","999,0","999,0","999,0","999,0",,,
712,Ocara,FAZ.NOVA CIOMA,"-4,4925","-38,555555555556",2013,7,"999,0","999,0","999,0","999,0","999,0","999,0","999,0","999,0","999,0","999,0","999,0","999,0","999,0","999,0","999,0","999,0","999,0","999,0","999,0","999,0","999,0","999,0","999,0","999,0","999,0","999,0","999,0","999,0","999,0","999,0","999,0","999,0",,,
712,Ocara,FAZ.NOVA CIOMA,"-4,4925","-38,555555555556",2013,8,"999,0","999,0","999,0","999,0","999,0","999,0","999,0","999,0","999,0","999,0","999,0","999,0","999,0","999,0","999,0","999,0","999,0","999,0","999,0","999,0","999,0","999,0","999,0","999,0","999,0","999,0","999,0","999,0","999,0","999,0","999,0","999,0",,,
712,Ocara,FAZ.NOVA CIOMA,"-4,4925","-38,555555555556",2013,9,"999,0","999,0","999,0","999,0","999,0","999,0","999,0","999,0","999,0","999,0","999,0","999,0","999,0","999,0","999,0","999,0","999,0","999,0","999,0","999,0","999,0","999,0","999,0","999,0","999,0","999,0","999,0","999,0","999,0","999,0","999,0","999,0",,,
712,Ocara,FAZ.NOVA CIOMA,"-4,4925","-38,555555555556",2013,10,"999,0","999,0","999,0","999,0","999,0","999,0","999,0","999,0","999,0","999,0","999,0","999,0","999,0","999,0","999,0","999,0","999,0","999,0","999,0","999,0","999,0","999,0","999,0","999,0","999,0","999,0","999,0","999,0","999,0","999,0","999,0","999,0",,,
712,Ocara,FAZ.NOVA CIOMA,"-4,4925","-38,555555555556",2013,11,"999,0","999,0","999,0","999,0","999,0","999,0","999,0","999,0","999,0","999,0","999,0","999,0","999,0","999,0","999,0","999,0","999,0","999,0","999,0","999,0","999,0","999,0","999,0","999,0","999,0","999,0","999,0","999,0","999,0","999,0","999,0","999,0",,,
712,Ocara,FAZ.NOVA CIOMA,"-4,4925","-38,555555555556",2013,12,"999,0","999,0","999,0","999,0","999,0","999,0","999,0","999,0","999,0","999,0","999,0","999,0","999,0","999,0","999,0","999,0","999,0","999,0","999,0","999,0","999,0","999,0","999,0","999,0","999,0","999,0","999,0","999,0","999,0","999,0","999,0","999,0",,,
712,Ocara,FAZ.NOVA CIOMA,"-4,4925","-38,555555555556",2014,1,"999,0","999,0","999,0","999,0","999,0","999,0","999,0","999,0","999,0","999,0","999,0","999,0","999,0","999,0","999,0","999,0","999,0","999,0","999,0","999,0","999,0","999,0","999,0","999,0","999,0","999,0","999,0","999,0","999,0","999,0","999,0","999,0",,,
712,Ocara,FAZ.NOVA CIOMA,"-4,4925","-38,555555555556",2014,2,"999,0","999,0","999,0","999,0","999,0","999,0","999,0","999,0","999,0","999,0","999,0","999,0","999,0","999,0","999,0","999,0","999,0","999,0","999,0","999,0","999,0","999,0","999,0","999,0","999,0","999,0","999,0","999,0","999,0","999,0","999,0","999,0",,,
712,Ocara,FAZ.NOVA CIOMA,"-4,4925","-38,555555555556",2014,3,"999,0","999,0","999,0","999,0","999,0","999,0","999,0","999,0","999,0","999,0","999,0","999,0","999,0","999,0","999,0","999,0","999,0","999,0","999,0","999,0","999,0","999,0","999,0","999,0","999,0","999,0","999,0","999,0","999,0","999,0","999,0","999,0",,,
712,Ocara,FAZ.NOVA CIOMA,"-4,4925","-38,555555555556",2014,4,"999,0","999,0","999,0","999,0","999,0","999,0","999,0","999,0","999,0","999,0","999,0","999,0","999,0","999,0","999,0","999,0","999,0","999,0","999,0","999,0","999,0","999,0","999,0","999,0","999,0","999,0","999,0","999,0","999,0","999,0","999,0","999,0",,,
712,Ocara,FAZ.NOVA CIOMA,"-4,4925","-38,555555555556",2014,5,"999,0","999,0","999,0","999,0","999,0","999,0","999,0","999,0","999,0","999,0","999,0","999,0","999,0","999,0","999,0","999,0","999,0","999,0","999,0","999,0","999,0","999,0","999,0","999,0","999,0","999,0","999,0","999,0","999,0","999,0","999,0","999,0",,,
712,Ocara,FAZ.NOVA CIOMA,"-4,4925","-38,555555555556",2014,6,"999,0","999,0","999,0","999,0","999,0","999,0","999,0","999,0","999,0","999,0","999,0","999,0","999,0","999,0","999,0","999,0","999,0","999,0","999,0","999,0","999,0","999,0","999,0","999,0","999,0","999,0","999,0","999,0","999,0","999,0","999,0","999,0",,,
712,Ocara,FAZ.NOVA CIOMA,"-4,4925","-38,555555555556",2014,7,"999,0","999,0","999,0","999,0","999,0","999,0","999,0","999,0","999,0","999,0","999,0","999,0","999,0","999,0","999,0","999,0","999,0","999,0","999,0","999,0","999,0","999,0","999,0","999,0","999,0","999,0","999,0","999,0","999,0","999,0","999,0","999,0",,,
712,Ocara,FAZ.NOVA CIOMA,"-4,4925","-38,555555555556",2014,8,"999,0","999,0","999,0","999,0","999,0","999,0","999,0","999,0","999,0","999,0","999,0","999,0","999,0","999,0","999,0","999,0","999,0","999,0","999,0","999,0","999,0","999,0","999,0","999,0","999,0","999,0","999,0","999,0","999,0","999,0","999,0","999,0",,,
712,Ocara,FAZ.NOVA CIOMA,"-4,4925","-38,555555555556",2014,9,"999,0","999,0","999,0","999,0","999,0","999,0","999,0","999,0","999,0","999,0","999,0","999,0","999,0","999,0","999,0","999,0","999,0","999,0","999,0","999,0","999,0","999,0","999,0","999,0","999,0","999,0","999,0","999,0","999,0","999,0","999,0","999,0",,,
712,Ocara,FAZ.NOVA CIOMA,"-4,4925","-38,555555555556",2014,10,"999,0","999,0","999,0","999,0","999,0","999,0","999,0","999,0","999,0","999,0","999,0","999,0","999,0","999,0","999,0","999,0","999,0","999,0","999,0","999,0","999,0","999,0","999,0","999,0","999,0","999,0","999,0","999,0","999,0","999,0","999,0","999,0",,,
712,Ocara,FAZ.NOVA CIOMA,"-4,4925","-38,555555555556",2014,11,"999,0","999,0","999,0","999,0","999,0","999,0","999,0","999,0","999,0","999,0","999,0","999,0","999,0","999,0","999,0","999,0","999,0","999,0","999,0","999,0","999,0","999,0","999,0","999,0","999,0","999,0","999,0","999,0","999,0","999,0","999,0","999,0",,,
712,Ocara,FAZ.NOVA CIOMA,"-4,4925","-38,555555555556",2014,12,"999,0","999,0","999,0","999,0","999,0","999,0","999,0","999,0","999,0","999,0","999,0","999,0","999,0","999,0","999,0","999,0","999,0","999,0","999,0","999,0","999,0","999,0","999,0","999,0","999,0","999,0","999,0","999,0","999,0","999,0","999,0","999,0",,,
712,Ocara,FAZ.NOVA CIOMA,"-4,4925","-38,555555555556",2015,1,"999,0","999,0","999,0","999,0","999,0","999,0","999,0","999,0","999,0","999,0","999,0","999,0","999,0","999,0","999,0","999,0","999,0","999,0","999,0","999,0","999,0","999,0","999,0","999,0","999,0","999,0","999,0","999,0","999,0","999,0","999,0","999,0",,,
712,Ocara,FAZ.NOVA CIOMA,"-4,4925","-38,555555555556",2015,2,"999,0","999,0","999,0","999,0","999,0","999,0","999,0","999,0","999,0","999,0","999,0","999,0","999,0","999,0","999,0","999,0","999,0","999,0","999,0","999,0","999,0","999,0","999,0","999,0","999,0","999,0","999,0","999,0","999,0","999,0","999,0","999,0",,,
712,Ocara,FAZ.NOVA CIOMA,"-4,4925","-38,555555555556",2015,3,"999,0","999,0","999,0","999,0","999,0","999,0","999,0","999,0","999,0","999,0","999,0","999,0","999,0","999,0","999,0","999,0","999,0","999,0","999,0","999,0","999,0","999,0","999,0","999,0","999,0","999,0","999,0","999,0","999,0","999,0","999,0","999,0",,,
712,Ocara,FAZ.NOVA CIOMA,"-4,4925","-38,555555555556",2015,4,"999,0","999,0","999,0","999,0","999,0","999,0","999,0","999,0","999,0","999,0","999,0","999,0","999,0","999,0","999,0","999,0","999,0","999,0","999,0","999,0","999,0","999,0","999,0","999,0","999,0","999,0","999,0","999,0","999,0","999,0","999,0","999,0",,,
712,Ocara,FAZ.NOVA CIOMA,"-4,4925","-38,555555555556",2015,5,"999,0","999,0","999,0","999,0","999,0","999,0","999,0","999,0","999,0","999,0","999,0","999,0","999,0","999,0","999,0","999,0","999,0","999,0","999,0","999,0","999,0","999,0","999,0","999,0","999,0","999,0","999,0","999,0","999,0","999,0","999,0","999,0",,,
712,Ocara,FAZ.NOVA CIOMA,"-4,4925","-38,555555555556",2015,6,"999,0","999,0","999,0","999,0","999,0","999,0","999,0","999,0","999,0","999,0","999,0","999,0","999,0","999,0","999,0","999,0","999,0","999,0","999,0","999,0","999,0","999,0","999,0","999,0","999,0","999,0","999,0","999,0","999,0","999,0","999,0","999,0",,,
712,Ocara,FAZ.NOVA CIOMA,"-4,4925","-38,555555555556",2015,7,"999,0","999,0","999,0","999,0","999,0","999,0","999,0","999,0","999,0","999,0","999,0","999,0","999,0","999,0","999,0","999,0","999,0","999,0","999,0","999,0","999,0","999,0","999,0","999,0","999,0","999,0","999,0","999,0","999,0","999,0","999,0","999,0",,,
712,Ocara,FAZ.NOVA CIOMA,"-4,4925","-38,555555555556",2015,8,"999,0","999,0","999,0","999,0","999,0","999,0","999,0","999,0","999,0","999,0","999,0","999,0","999,0","999,0","999,0","999,0","999,0","999,0","999,0","999,0","999,0","999,0","999,0","999,0","999,0","999,0","999,0","999,0","999,0","999,0","999,0","999,0",,,
712,Ocara,FAZ.NOVA CIOMA,"-4,4925","-38,555555555556",2015,9,"999,0","999,0","999,0","999,0","999,0","999,0","999,0","999,0","999,0","999,0","999,0","999,0","999,0","999,0","999,0","999,0","999,0","999,0","999,0","999,0","999,0","999,0","999,0","999,0","999,0","999,0","999,0","999,0","999,0","999,0","999,0","999,0",,,
712,Ocara,FAZ.NOVA CIOMA,"-4,4925","-38,555555555556",2015,10,"999,0","999,0","999,0","999,0","999,0","999,0","999,0","999,0","999,0","999,0","999,0","999,0","999,0","999,0","999,0","999,0","999,0","999,0","999,0","999,0","999,0","999,0","999,0","999,0","999,0","999,0","999,0","999,0","999,0","999,0","999,0","999,0",,,
712,Ocara,FAZ.NOVA CIOMA,"-4,4925","-38,555555555556",2015,11,"999,0","999,0","999,0","999,0","999,0","999,0","999,0","999,0","999,0","999,0","999,0","999,0","999,0","999,0","999,0","999,0","999,0","999,0","999,0","999,0","999,0","999,0","999,0","999,0","999,0","999,0","999,0","999,0","999,0","999,0","999,0","999,0",,,
712,Ocara,FAZ.NOVA CIOMA,"-4,4925","-38,555555555556",2015,12,"999,0","999,0","999,0","999,0","999,0","999,0","999,0","999,0","999,0","999,0","999,0","999,0","999,0","999,0","999,0","999,0","999,0","999,0","999,0","999,0","999,0","999,0","999,0","999,0","999,0","999,0","999,0","999,0","999,0","999,0","999,0","999,0",,,
712,Ocara,FAZ.NOVA CIOMA,"-4,4925","-38,555555555556",2016,1,"999,0","999,0","999,0","999,0","999,0","999,0","999,0","999,0","999,0","999,0","999,0","999,0","999,0","999,0","999,0","999,0","999,0","999,0","999,0","999,0","999,0","999,0","999,0","999,0","999,0","999,0","999,0","999,0","999,0","999,0","999,0","999,0",,,
712,Ocara,FAZ.NOVA CIOMA,"-4,4925","-38,555555555556",2016,2,"999,0","999,0","999,0","999,0","999,0","999,0","999,0","999,0","999,0","999,0","999,0","999,0","999,0","999,0","999,0","999,0","999,0","999,0","999,0","999,0","999,0","999,0","999,0","999,0","999,0","999,0","999,0","999,0","999,0","999,0","999,0","999,0",,,
712,Ocara,FAZ.NOVA CIOMA,"-4,4925","-38,555555555556",2016,3,"999,0","999,0","999,0","999,0","999,0","999,0","999,0","999,0","999,0","999,0","999,0","999,0","999,0","999,0","999,0","999,0","999,0","999,0","999,0","999,0","999,0","999,0","999,0","999,0","999,0","999,0","999,0","999,0","999,0","999,0","999,0","999,0",,,
712,Ocara,FAZ.NOVA CIOMA,"-4,4925","-38,555555555556",2016,4,"999,0","999,0","999,0","999,0","999,0","999,0","999,0","999,0","999,0","999,0","999,0","999,0","999,0","999,0","999,0","999,0","999,0","999,0","999,0","999,0","999,0","999,0","999,0","999,0","999,0","999,0","999,0","999,0","999,0","999,0","999,0","999,0",,,
712,Ocara,FAZ.NOVA CIOMA,"-4,4925","-38,555555555556",2016,5,"999,0","999,0","999,0","999,0","999,0","999,0","999,0","999,0","999,0","999,0","999,0","999,0","999,0","999,0","999,0","999,0","999,0","999,0","999,0","999,0","999,0","999,0","999,0","999,0","999,0","999,0","999,0","999,0","999,0","999,0","999,0","999,0",,,
712,Ocara,FAZ.NOVA CIOMA,"-4,4925","-38,555555555556",2016,6,"999,0","999,0","999,0","999,0","999,0","999,0","999,0","999,0","999,0","999,0","999,0","999,0","999,0","999,0","999,0","999,0","999,0","999,0","999,0","999,0","999,0","999,0","999,0","999,0","999,0","999,0","999,0","999,0","999,0","999,0","999,0","999,0",,,
712,Ocara,FAZ.NOVA CIOMA,"-4,4925","-38,555555555556",2016,7,"999,0","999,0","999,0","999,0","999,0","999,0","999,0","999,0","999,0","999,0","999,0","999,0","999,0","999,0","999,0","999,0","999,0","999,0","999,0","999,0","999,0","999,0","999,0","999,0","999,0","999,0","999,0","999,0","999,0","999,0","999,0","999,0",,,
712,Ocara,FAZ.NOVA CIOMA,"-4,4925","-38,555555555556",2016,8,"999,0","999,0","999,0","999,0","999,0","999,0","999,0","999,0","999,0","999,0","999,0","999,0","999,0","999,0","999,0","999,0","999,0","999,0","999,0","999,0","999,0","999,0","999,0","999,0","999,0","999,0","999,0","999,0","999,0","999,0","999,0","999,0",,,
712,Ocara,FAZ.NOVA CIOMA,"-4,4925","-38,555555555556",2016,9,"999,0","999,0","999,0","999,0","999,0","999,0","999,0","999,0","999,0","999,0","999,0","999,0","999,0","999,0","999,0","999,0","999,0","999,0","999,0","999,0","999,0","999,0","999,0","999,0","999,0","999,0","999,0","999,0","999,0","999,0","999,0","999,0",,,
712,Ocara,FAZ.NOVA CIOMA,"-4,4925","-38,555555555556",2016,10,"999,0","999,0","999,0","999,0","999,0","999,0","999,0","999,0","999,0","999,0","999,0","999,0","999,0","999,0","999,0","999,0","999,0","999,0","999,0","999,0","999,0","999,0","999,0","999,0","999,0","999,0","999,0","999,0","999,0","999,0","999,0","999,0",,,
712,Ocara,FAZ.NOVA CIOMA,"-4,4925","-38,555555555556",2016,11,"999,0","999,0","999,0","999,0","999,0","999,0","999,0","999,0","999,0","999,0","999,0","999,0","999,0","999,0","999,0","999,0","999,0","999,0","999,0","999,0","999,0","999,0","999,0","999,0","999,0","999,0","999,0","999,0","999,0","999,0","999,0","999,0",,,
712,Ocara,FAZ.NOVA CIOMA,"-4,4925","-38,555555555556",2016,12,"999,0","999,0","999,0","999,0","999,0","999,0","999,0","999,0","999,0","999,0","999,0","999,0","999,0","999,0","999,0","999,0","999,0","999,0","999,0","999,0","999,0","999,0","999,0","999,0","999,0","999,0","999,0","999,0","999,0","999,0","999,0","999,0",,,
712,Ocara,FAZ.NOVA CIOMA,"-4,4925","-38,555555555556",2017,1,"999,0","999,0","999,0","999,0","999,0","999,0","999,0","999,0","999,0","999,0","999,0","999,0","999,0","999,0","999,0","999,0","999,0","999,0","999,0","999,0","999,0","999,0","999,0","999,0","999,0","999,0","999,0","999,0","999,0","999,0","999,0","999,0",,,
712,Ocara,FAZ.NOVA CIOMA,"-4,4925","-38,555555555556",2017,2,"999,0","999,0","999,0","999,0","999,0","999,0","999,0","999,0","999,0","999,0","999,0","999,0","999,0","999,0","999,0","999,0","999,0","999,0","999,0","999,0","999,0","999,0","999,0","999,0","999,0","999,0","999,0","999,0","999,0","999,0","999,0","999,0",,,
712,Ocara,FAZ.NOVA CIOMA,"-4,4925","-38,555555555556",2017,3,"999,0","999,0","999,0","999,0","999,0","999,0","999,0","999,0","999,0","999,0","999,0","999,0","999,0","999,0","999,0","999,0","999,0","999,0","999,0","999,0","999,0","999,0","999,0","999,0","999,0","999,0","999,0","999,0","999,0","999,0","999,0","999,0",,,
712,Ocara,FAZ.NOVA CIOMA,"-4,4925","-38,555555555556",2017,4,"999,0","999,0","999,0","999,0","999,0","999,0","999,0","999,0","999,0","999,0","999,0","999,0","999,0","999,0","999,0","999,0","999,0","999,0","999,0","999,0","999,0","999,0","999,0","999,0","999,0","999,0","999,0","999,0","999,0","999,0","999,0","999,0",,,
712,Ocara,FAZ.NOVA CIOMA,"-4,4925","-38,555555555556",2017,5,"999,0","999,0","999,0","999,0","999,0","999,0","999,0","999,0","999,0","999,0","999,0","999,0","999,0","999,0","999,0","999,0","999,0","999,0","999,0","999,0","999,0","999,0","999,0","999,0","999,0","999,0","999,0","999,0","999,0","999,0","999,0","999,0",,,
712,Ocara,FAZ.NOVA CIOMA,"-4,4925","-38,555555555556",2017,6,"999,0","999,0","999,0","999,0","999,0","999,0","999,0","999,0","999,0","999,0","999,0","999,0","999,0","999,0","999,0","999,0","999,0","999,0","999,0","999,0","999,0","999,0","999,0","999,0","999,0","999,0","999,0","999,0","999,0","999,0","999,0","999,0",,,
712,Ocara,FAZ.NOVA CIOMA,"-4,4925","-38,555555555556",2017,7,"999,0","999,0","999,0","999,0","999,0","999,0","999,0","999,0","999,0","999,0","999,0","999,0","999,0","999,0","999,0","999,0","999,0","999,0","999,0","999,0","999,0","999,0","999,0","999,0","999,0","999,0","999,0","999,0","999,0","999,0","999,0","999,0",,,
712,Ocara,FAZ.NOVA CIOMA,"-4,4925","-38,555555555556",2017,8,"999,0","999,0","999,0","999,0","999,0","999,0","999,0","999,0","999,0","999,0","999,0","999,0","999,0","999,0","999,0","999,0","999,0","999,0","999,0","999,0","999,0","999,0","999,0","999,0","999,0","999,0","999,0","999,0","999,0","999,0","999,0","999,0",,,
712,Ocara,FAZ.NOVA CIOMA,"-4,4925","-38,555555555556",2017,9,"999,0","999,0","999,0","999,0","999,0","999,0","999,0","999,0","999,0","999,0","999,0","999,0","999,0","999,0","999,0","999,0","999,0","999,0","999,0","999,0","999,0","999,0","999,0","999,0","999,0","999,0","999,0","999,0","999,0","999,0","999,0","999,0",,,
712,Ocara,FAZ.NOVA CIOMA,"-4,4925","-38,555555555556",2017,10,"999,0","999,0","999,0","999,0","999,0","999,0","999,0","999,0","999,0","999,0","999,0","999,0","999,0","999,0","999,0","999,0","999,0","999,0","999,0","999,0","999,0","999,0","999,0","999,0","999,0","999,0","999,0","999,0","999,0","999,0","999,0","999,0",,,
712,Ocara,FAZ.NOVA CIOMA,"-4,4925","-38,555555555556",2017,11,"999,0","999,0","999,0","999,0","999,0","999,0","999,0","999,0","999,0","999,0","999,0","999,0","999,0","999,0","999,0","999,0","999,0","999,0","999,0","999,0","999,0","999,0","999,0","999,0","999,0","999,0","999,0","999,0","999,0","999,0","999,0","999,0",,,
712,Ocara,FAZ.NOVA CIOMA,"-4,4925","-38,555555555556",2017,12,"999,0","999,0","999,0","999,0","999,0","999,0","999,0","999,0","999,0","999,0","999,0","999,0","999,0","999,0","999,0","999,0","999,0","999,0","999,0","999,0","999,0","999,0","999,0","999,0","999,0","999,0","999,0","999,0","999,0","999,0","999,0","999,0",,,
712,Ocara,FAZ.NOVA CIOMA,"-4,4925","-38,555555555556",2018,1,"999,0","999,0","999,0","999,0","999,0","999,0","999,0","999,0","999,0","999,0","999,0","999,0","999,0","999,0","999,0","999,0","999,0","999,0","999,0","999,0","999,0","999,0","999,0","999,0","999,0","999,0","999,0","999,0","999,0","999,0","999,0","999,0",,,
712,Ocara,FAZ.NOVA CIOMA,"-4,4925","-38,555555555556",2018,2,"999,0","999,0","999,0","999,0","999,0","999,0","999,0","999,0","999,0","999,0","999,0","999,0","999,0","999,0","999,0","999,0","999,0","999,0","999,0","999,0","999,0","999,0","999,0","999,0","999,0","999,0","999,0","999,0","999,0","999,0","999,0","999,0",,,
712,Ocara,FAZ.NOVA CIOMA,"-4,4925","-38,555555555556",2018,3,"999,0","999,0","999,0","999,0","999,0","999,0","999,0","999,0","999,0","999,0","999,0","999,0","999,0","999,0","999,0","999,0","999,0","999,0","999,0","999,0","999,0","999,0","999,0","999,0","999,0","999,0","999,0","999,0","999,0","999,0","999,0","999,0",,,
712,Ocara,FAZ.NOVA CIOMA,"-4,4925","-38,555555555556",2018,4,"999,0","999,0","999,0","999,0","999,0","999,0","999,0","999,0","999,0","999,0","999,0","999,0","999,0","999,0","999,0","999,0","999,0","999,0","999,0","999,0","999,0","999,0","999,0","999,0","999,0","999,0","999,0","999,0","999,0","999,0","999,0","999,0",,,
712,Ocara,FAZ.NOVA CIOMA,"-4,4925","-38,555555555556",2018,5,"999,0","999,0","999,0","999,0","999,0","999,0","999,0","999,0","999,0","999,0","999,0","999,0","999,0","999,0","999,0","999,0","999,0","999,0","999,0","999,0","999,0","999,0","999,0","999,0","999,0","999,0","999,0","999,0","999,0","999,0","999,0","999,0",,,
712,Ocara,FAZ.NOVA CIOMA,"-4,4925","-38,555555555556",2018,6,"999,0","999,0","999,0","999,0","999,0","999,0","999,0","999,0","999,0","999,0","999,0","999,0","999,0","999,0","999,0","999,0","999,0","999,0","999,0","999,0","999,0","999,0","999,0","999,0","999,0","999,0","999,0","999,0","999,0","999,0","999,0","999,0",,,
712,Ocara,FAZ.NOVA CIOMA,"-4,4925","-38,555555555556",2018,7,"999,0","999,0","999,0","999,0","999,0","999,0","999,0","999,0","999,0","999,0","999,0","999,0","999,0","999,0","999,0","999,0","999,0","999,0","999,0","999,0","999,0","999,0","999,0","999,0","999,0","999,0","999,0","999,0","999,0","999,0","999,0","999,0",,,
712,Ocara,FAZ.NOVA CIOMA,"-4,4925","-38,555555555556",2018,8,"999,0","999,0","999,0","999,0","999,0","999,0","999,0","999,0","999,0","999,0","999,0","999,0","999,0","999,0","999,0","999,0","999,0","999,0","999,0","999,0","999,0","999,0","999,0","999,0","999,0","999,0","999,0","999,0","999,0","999,0","999,0","999,0",,,
712,Ocara,FAZ.NOVA CIOMA,"-4,4925","-38,555555555556",2018,9,"999,0","999,0","999,0","999,0","999,0","999,0","999,0","999,0","999,0","999,0","999,0","999,0","999,0","999,0","999,0","999,0","999,0","999,0","999,0","999,0","999,0","999,0","999,0","999,0","999,0","999,0","999,0","999,0","999,0","999,0","999,0","999,0",,,
712,Ocara,FAZ.NOVA CIOMA,"-4,4925","-38,555555555556",2018,10,"999,0","999,0","999,0","999,0","999,0","999,0","999,0","999,0","999,0","999,0","999,0","999,0","999,0","999,0","999,0","999,0","999,0","999,0","999,0","999,0","999,0","999,0","999,0","999,0","999,0","999,0","999,0","999,0","999,0","999,0","999,0","999,0",,,
712,Ocara,FAZ.NOVA CIOMA,"-4,4925","-38,555555555556",2018,11,"999,0","999,0","999,0","999,0","999,0","999,0","999,0","999,0","999,0","999,0","999,0","999,0","999,0","999,0","999,0","999,0","999,0","999,0","999,0","999,0","999,0","999,0","999,0","999,0","999,0","999,0","999,0","999,0","999,0","999,0","999,0","999,0",,,
712,Ocara,FAZ.NOVA CIOMA,"-4,4925","-38,555555555556",2018,12,"999,0","999,0","999,0","999,0","999,0","999,0","999,0","999,0","999,0","999,0","999,0","999,0","999,0","999,0","999,0","999,0","999,0","999,0","999,0","999,0","999,0","999,0","999,0","999,0","999,0","999,0","999,0","999,0","999,0","999,0","999,0","999,0",,,
712,Ocara,FAZ.NOVA CIOMA,"-4,4925","-38,555555555556",2019,1,"999,0","999,0","999,0","999,0","999,0","999,0","999,0","999,0","999,0","999,0","999,0","999,0","999,0","999,0","999,0","999,0","999,0","999,0","999,0","999,0","999,0","999,0","999,0","999,0","999,0","999,0","999,0","999,0","999,0","999,0","999,0","999,0",,,
712,Ocara,FAZ.NOVA CIOMA,"-4,4925","-38,555555555556",2019,2,"999,0","999,0","999,0","999,0","999,0","999,0","999,0","999,0","999,0","999,0","999,0","999,0","999,0","999,0","999,0","999,0","999,0","999,0","999,0","999,0","999,0","999,0","999,0","999,0","999,0","999,0","999,0","999,0","999,0","999,0","999,0","999,0",,,
712,Ocara,FAZ.NOVA CIOMA,"-4,4925","-38,555555555556",2019,3,"999,0","999,0","999,0","999,0","999,0","999,0","999,0","999,0","999,0","999,0","999,0","999,0","999,0","999,0","999,0","999,0","999,0","999,0","999,0","999,0","999,0","999,0","999,0","999,0","999,0","999,0","999,0","999,0","999,0","999,0","999,0","999,0",,,
712,Ocara,FAZ.NOVA CIOMA,"-4,4925","-38,555555555556",2019,4,"999,0","999,0","999,0","999,0","999,0","999,0","999,0","999,0","999,0","999,0","999,0","999,0","999,0","999,0","999,0","999,0","999,0","999,0","999,0","999,0","999,0","999,0","999,0","999,0","999,0","999,0","999,0","999,0","999,0","999,0","999,0","999,0",,,
712,Ocara,FAZ.NOVA CIOMA,"-4,4925","-38,555555555556",2019,5,"999,0","999,0","999,0","999,0","999,0","999,0","999,0","999,0","999,0","999,0","999,0","999,0","999,0","999,0","999,0","999,0","999,0","999,0","999,0","999,0","999,0","999,0","999,0","999,0","999,0","999,0","999,0","999,0","999,0","999,0","999,0","999,0",,,
712,Ocara,FAZ.NOVA CIOMA,"-4,4925","-38,555555555556",2019,6,"999,0","999,0","999,0","999,0","999,0","999,0","999,0","999,0","999,0","999,0","999,0","999,0","999,0","999,0","999,0","999,0","999,0","999,0","999,0","999,0","999,0","999,0","999,0","999,0","999,0","999,0","999,0","999,0","999,0","999,0","999,0","999,0",,,
712,Ocara,FAZ.NOVA CIOMA,"-4,4925","-38,555555555556",2019,7,"999,0","999,0","999,0","999,0","999,0","999,0","999,0","999,0","999,0","999,0","999,0","999,0","999,0","999,0","999,0","999,0","999,0","999,0","999,0","999,0","999,0","999,0","999,0","999,0","999,0","999,0","999,0","999,0","999,0","999,0","999,0","999,0",,,
712,Ocara,FAZ.NOVA CIOMA,"-4,4925","-38,555555555556",2019,8,"999,0","999,0","999,0","999,0","999,0","999,0","999,0","999,0","999,0","999,0","999,0","999,0","999,0","999,0","999,0","999,0","999,0","999,0","999,0","999,0","999,0","999,0","999,0","999,0","999,0","999,0","999,0","999,0","999,0","999,0","999,0","999,0",,,
712,Ocara,FAZ.NOVA CIOMA,"-4,4925","-38,555555555556",2019,9,"999,0","999,0","999,0","999,0","999,0","999,0","999,0","999,0","999,0","999,0","999,0","999,0","999,0","999,0","999,0","999,0","999,0","999,0","999,0","999,0","999,0","999,0","999,0","999,0","999,0","999,0","999,0","999,0","999,0","999,0","999,0","999,0",,,
712,Ocara,FAZ.NOVA CIOMA,"-4,4925","-38,555555555556",2019,10,"999,0","999,0","999,0","999,0","999,0","999,0","999,0","999,0","999,0","999,0","999,0","999,0","999,0","999,0","999,0","999,0","999,0","999,0","999,0","999,0","999,0","999,0","999,0","999,0","999,0","999,0","999,0","999,0","999,0","999,0","999,0","999,0",,,
712,Ocara,FAZ.NOVA CIOMA,"-4,4925","-38,555555555556",2019,11,"999,0","999,0","999,0","999,0","999,0","999,0","999,0","999,0","999,0","999,0","999,0","999,0","999,0","999,0","999,0","999,0","999,0","999,0","999,0","999,0","999,0","999,0","999,0","999,0","999,0","999,0","999,0","999,0","999,0","999,0","999,0","999,0",,,
712,Ocara,FAZ.NOVA CIOMA,"-4,4925","-38,555555555556",2019,12,"999,0","999,0","999,0","999,0","999,0","999,0","999,0","999,0","999,0","999,0","999,0","999,0","999,0","999,0","999,0","999,0","999,0","999,0","999,0","999,0","999,0","999,0","999,0","999,0","999,0","999,0","999,0","999,0","999,0","999,0","999,0","999,0",,,
712,Ocara,FAZ.NOVA CIOMA,"-4,4925","-38,555555555556",2020,1,"999,0","999,0","999,0","999,0","999,0","999,0","999,0","999,0","999,0","999,0","999,0","999,0","999,0","999,0","999,0","999,0","999,0","999,0","999,0","999,0","999,0","999,0","999,0","999,0","999,0","999,0","999,0","999,0","999,0","999,0","999,0","999,0",,,
712,Ocara,FAZ.NOVA CIOMA,"-4,4925","-38,555555555556",2020,2,"999,0","999,0","999,0","999,0","999,0","999,0","999,0","999,0","999,0","999,0","999,0","999,0","999,0","999,0","999,0","999,0","999,0","999,0","999,0","999,0","999,0","999,0","999,0","999,0","999,0","999,0","999,0","999,0","999,0","999,0","999,0","999,0",,,
712,Ocara,FAZ.NOVA CIOMA,"-4,4925","-38,555555555556",2020,3,"999,0","999,0","999,0","999,0","999,0","999,0","999,0","999,0","999,0","999,0","999,0","999,0","999,0","999,0","999,0","999,0","999,0","999,0","999,0","999,0","999,0","999,0","999,0","999,0","999,0","999,0","999,0","999,0","999,0","999,0","999,0","999,0",,,
712,Ocara,FAZ.NOVA CIOMA,"-4,4925","-38,555555555556",2020,4,"999,0","999,0","999,0","999,0","999,0","999,0","999,0","999,0","999,0","999,0","999,0","999,0","999,0","999,0","999,0","999,0","999,0","999,0","999,0","999,0","999,0","999,0","999,0","999,0","999,0","999,0","999,0","999,0","999,0","999,0","999,0","999,0",,,
712,Ocara,FAZ.NOVA CIOMA,"-4,4925","-38,555555555556",2020,5,"999,0","999,0","999,0","999,0","999,0","999,0","999,0","999,0","999,0","999,0","999,0","999,0","999,0","999,0","999,0","999,0","999,0","999,0","999,0","999,0","999,0","999,0","999,0","999,0","999,0","999,0","999,0","999,0","999,0","999,0","999,0","999,0",,,
712,Ocara,FAZ.NOVA CIOMA,"-4,4925","-38,555555555556",2020,6,"999,0","999,0","999,0","999,0","999,0","999,0","999,0","999,0","999,0","999,0","999,0","999,0","999,0","999,0","999,0","999,0","999,0","999,0","999,0","999,0","999,0","999,0","999,0","999,0","999,0","999,0","999,0","999,0","999,0","999,0","999,0","999,0",,,
712,Ocara,FAZ.NOVA CIOMA,"-4,4925","-38,555555555556",2020,7,"999,0","999,0","999,0","999,0","999,0","999,0","999,0","999,0","999,0","999,0","999,0","999,0","999,0","999,0","999,0","999,0","999,0","999,0","999,0","999,0","999,0","999,0","999,0","999,0","999,0","999,0","999,0","999,0","999,0","999,0","999,0","999,0",,,
712,Ocara,FAZ.NOVA CIOMA,"-4,4925","-38,555555555556",2020,8,"999,0","999,0","999,0","999,0","999,0","999,0","999,0","999,0","999,0","999,0","999,0","999,0","999,0","999,0","999,0","999,0","999,0","999,0","999,0","999,0","999,0","999,0","999,0","999,0","999,0","999,0","999,0","999,0","999,0","999,0","999,0","999,0",,,
712,Ocara,FAZ.NOVA CIOMA,"-4,4925","-38,555555555556",2020,9,"999,0","999,0","999,0","999,0","999,0","999,0","999,0","999,0","999,0","999,0","999,0","999,0","999,0","999,0","999,0","999,0","999,0","999,0","999,0","999,0","999,0","999,0","999,0","999,0","999,0","999,0","999,0","999,0","999,0","999,0","999,0","999,0",,,
712,Ocara,FAZ.NOVA CIOMA,"-4,4925","-38,555555555556",2020,10,"999,0","999,0","999,0","999,0","999,0","999,0","999,0","999,0","999,0","999,0","999,0","999,0","999,0","999,0","999,0","999,0","999,0","999,0","999,0","999,0","999,0","999,0","999,0","999,0","999,0","999,0","999,0","999,0","999,0","999,0","999,0","999,0",,,
712,Ocara,FAZ.NOVA CIOMA,"-4,4925","-38,555555555556",2020,11,"999,0","999,0","999,0","999,0","999,0","999,0","999,0","999,0","999,0","999,0","999,0","999,0","999,0","999,0","999,0","999,0","999,0","999,0","999,0","999,0","999,0","999,0","999,0","999,0","999,0","999,0","999,0","999,0","999,0","999,0","999,0","999,0",,,
712,Ocara,FAZ.NOVA CIOMA,"-4,4925","-38,555555555556",2020,12,"999,0","999,0","999,0","999,0","999,0","999,0","999,0","999,0","999,0","999,0","999,0","999,0","999,0","999,0","999,0","999,0","999,0","999,0","999,0","999,0","999,0","999,0","999,0","999,0","999,0","999,0","999,0","999,0","999,0","999,0","999,0","999,0",,,
712,Ocara,FAZ.NOVA CIOMA,"-4,4925","-38,555555555556",2021,1,"999,0","999,0","999,0","999,0","999,0","999,0","999,0","999,0","999,0","999,0","999,0","999,0","999,0","999,0","999,0","999,0","999,0","999,0","999,0","999,0","999,0","999,0","999,0","999,0","999,0","999,0","999,0","999,0","999,0","999,0","999,0","999,0",,,
712,Ocara,FAZ.NOVA CIOMA,"-4,4925","-38,555555555556",2021,2,"999,0","999,0","999,0","999,0","999,0","999,0","999,0","999,0","999,0","999,0","999,0","999,0","999,0","999,0","999,0","999,0","999,0","999,0","999,0","999,0","999,0","999,0","999,0","999,0","999,0","999,0","999,0","999,0","999,0","999,0","999,0","999,0",,,
712,Ocara,FAZ.NOVA CIOMA,"-4,4925","-38,555555555556",2021,3,"999,0","999,0","999,0","999,0","999,0","999,0","999,0","999,0","999,0","999,0","999,0","999,0","999,0","999,0","999,0","999,0","999,0","999,0","999,0","999,0","999,0","999,0","999,0","999,0","999,0","999,0","999,0","999,0","999,0","999,0","999,0","999,0",,,
712,Ocara,FAZ.NOVA CIOMA,"-4,4925","-38,555555555556",2021,4,"999,0","999,0","999,0","999,0","999,0","999,0","999,0","999,0","999,0","999,0","999,0","999,0","999,0","999,0","999,0","999,0","999,0","999,0","999,0","999,0","999,0","999,0","999,0","999,0","999,0","999,0","999,0","999,0","999,0","999,0","999,0","999,0",,,
712,Ocara,FAZ.NOVA CIOMA,"-4,4925","-38,555555555556",2021,5,"999,0","999,0","999,0","999,0","999,0","999,0","999,0","999,0","999,0","999,0","999,0","999,0","999,0","999,0","999,0","999,0","999,0","999,0","999,0","999,0","999,0","999,0","999,0","999,0","999,0","999,0","999,0","999,0","999,0","999,0","999,0","999,0",,,
712,Ocara,FAZ.NOVA CIOMA,"-4,4925","-38,555555555556",2021,6,"999,0","999,0","999,0","999,0","999,0","999,0","999,0","999,0","999,0","999,0","999,0","999,0","999,0","999,0","999,0","999,0","999,0","999,0","999,0","999,0","999,0","999,0","999,0","999,0","999,0","999,0","999,0","999,0","999,0","999,0","999,0","999,0",,,
712,Ocara,FAZ.NOVA CIOMA,"-4,4925","-38,555555555556",2021,7,"999,0","999,0","999,0","999,0","999,0","999,0","999,0","999,0","999,0","999,0","999,0","999,0","999,0","999,0","999,0","999,0","999,0","999,0","999,0","999,0","999,0","999,0","999,0","999,0","999,0","999,0","999,0","999,0","999,0","999,0","999,0","999,0",,,
712,Ocara,FAZ.NOVA CIOMA,"-4,4925","-38,555555555556",2021,8,"999,0","999,0","999,0","999,0","999,0","999,0","999,0","999,0","999,0","999,0","999,0","999,0","999,0","999,0","999,0","999,0","999,0","999,0","999,0","999,0","999,0","999,0","999,0","999,0","999,0","999,0","999,0","999,0","999,0","999,0","999,0","999,0",,,
712,Ocara,FAZ.NOVA CIOMA,"-4,4925","-38,555555555556",2021,9,"999,0","999,0","999,0","999,0","999,0","999,0","999,0","999,0","999,0","999,0","999,0","999,0","999,0","999,0","999,0","999,0","999,0","999,0","999,0","999,0","999,0","999,0","999,0","999,0","999,0","999,0","999,0","999,0","999,0","999,0","999,0","999,0",,,
712,Ocara,FAZ.NOVA CIOMA,"-4,4925","-38,555555555556",2021,10,"999,0","999,0","999,0","999,0","999,0","999,0","999,0","999,0","999,0","999,0","999,0","999,0","999,0","999,0","999,0","999,0","999,0","999,0","999,0","999,0","999,0","999,0","999,0","999,0","999,0","999,0","999,0","999,0","999,0","999,0","999,0","999,0",,,
712,Ocara,FAZ.NOVA CIOMA,"-4,4925","-38,555555555556",2021,11,"999,0","999,0","999,0","999,0","999,0","999,0","999,0","999,0","999,0","999,0","999,0","999,0","999,0","999,0","999,0","999,0","999,0","999,0","999,0","999,0","999,0","999,0","999,0","999,0","999,0","999,0","999,0","999,0","999,0","999,0","999,0","999,0",,,
712,Ocara,FAZ.NOVA CIOMA,"-4,4925","-38,555555555556",2021,12,"999,0","999,0","999,0","999,0","999,0","999,0","999,0","999,0","999,0","999,0","999,0","999,0","999,0","999,0","999,0","999,0","999,0","999,0","999,0","999,0","999,0","999,0","999,0","999,0","999,0","999,0","999,0","999,0","999,0","999,0","999,0","999,0",,,
712,Ocara,FAZ.NOVA CIOMA,"-4,4925","-38,555555555556",2022,1,"999,0","999,0","999,0","999,0","999,0","999,0","999,0","999,0","999,0","999,0","999,0","999,0","999,0","999,0","999,0","999,0","999,0","999,0","999,0","999,0","999,0","999,0","999,0","999,0","999,0","999,0","999,0","999,0","999,0","999,0","999,0","999,0",,,
712,Ocara,FAZ.NOVA CIOMA,"-4,4925","-38,555555555556",2022,2,"999,0","999,0","999,0","999,0","999,0","999,0","999,0","999,0","999,0","999,0","999,0","999,0","999,0","999,0","999,0","999,0","999,0","999,0","999,0","999,0","999,0","999,0","999,0","999,0","999,0","999,0","999,0","999,0","999,0","999,0","999,0","999,0",,,
712,Ocara,FAZ.NOVA CIOMA,"-4,4925","-38,555555555556",2022,3,"999,0","999,0","999,0","999,0","999,0","999,0","999,0","999,0","999,0","999,0","999,0","999,0","999,0","999,0","999,0","999,0","999,0","999,0","999,0","999,0","999,0","999,0","999,0","999,0","999,0","999,0","999,0","999,0","999,0","999,0","999,0","999,0",,,
712,Ocara,FAZ.NOVA CIOMA,"-4,4925","-38,555555555556",2022,4,"999,0","999,0","999,0","999,0","999,0","999,0","999,0","999,0","999,0","999,0","999,0","999,0","999,0","999,0","999,0","999,0","999,0","999,0","999,0","999,0","999,0","999,0","999,0","999,0","999,0","999,0","999,0","999,0","999,0","999,0","999,0","999,0",,,
712,Ocara,FAZ.NOVA CIOMA,"-4,4925","-38,555555555556",2022,5,"999,0","999,0","999,0","999,0","999,0","999,0","999,0","999,0","999,0","999,0","999,0","999,0","999,0","999,0","999,0","999,0","999,0","999,0","999,0","999,0","999,0","999,0","999,0","999,0","999,0","999,0","999,0","999,0","999,0","999,0","999,0","999,0",,,
712,Ocara,FAZ.NOVA CIOMA,"-4,4925","-38,555555555556",2022,6,"999,0","999,0","999,0","999,0","999,0","999,0","999,0","999,0","999,0","999,0","999,0","999,0","999,0","999,0","999,0","999,0","999,0","999,0","999,0","999,0","999,0","999,0","999,0","999,0","999,0","999,0","999,0","999,0","999,0","999,0","999,0","999,0",,,
712,Ocara,FAZ.NOVA CIOMA,"-4,4925","-38,555555555556",2022,7,"999,0","999,0","999,0","999,0","999,0","999,0","999,0","999,0","999,0","999,0","999,0","999,0","999,0","999,0","999,0","999,0","999,0","999,0","999,0","999,0","999,0","999,0","999,0","999,0","999,0","999,0","999,0","999,0","999,0","999,0","999,0","999,0",,,
712,Ocara,FAZ.NOVA CIOMA,"-4,4925","-38,555555555556",2022,8,"999,0","999,0","999,0","999,0","999,0","999,0","999,0","999,0","999,0","999,0","999,0","999,0","999,0","999,0","999,0","999,0","999,0","999,0","999,0","999,0","999,0","999,0","999,0","999,0","999,0","999,0","999,0","999,0","999,0","999,0","999,0","999,0",,,
712,Ocara,FAZ.NOVA CIOMA,"-4,4925","-38,555555555556",2022,9,"999,0","999,0","999,0","999,0","999,0","999,0","999,0","999,0","999,0","999,0","999,0","999,0","999,0","999,0","999,0","999,0","999,0","999,0","999,0","999,0","999,0","999,0","999,0","999,0","999,0","999,0","999,0","999,0","999,0","999,0","999,0","999,0",,,
712,Ocara,FAZ.NOVA CIOMA,"-4,4925","-38,555555555556",2022,10,"999,0","999,0","999,0","999,0","999,0","999,0","999,0","999,0","999,0","999,0","999,0","999,0","999,0","999,0","999,0","999,0","999,0","999,0","999,0","999,0","999,0","999,0","999,0","999,0","999,0","999,0","999,0","999,0","999,0","999,0","999,0","999,0",,,
712,Ocara,FAZ.NOVA CIOMA,"-4,4925","-38,555555555556",2022,11,"999,0","999,0","999,0","999,0","999,0","999,0","999,0","999,0","999,0","999,0","999,0","999,0","999,0","999,0","999,0","999,0","999,0","999,0","999,0","999,0","999,0","999,0","999,0","999,0","999,0","999,0","999,0","999,0","999,0","999,0","999,0","999,0",,,
712,Ocara,FAZ.NOVA CIOMA,"-4,4925","-38,555555555556",2022,12,"999,0","999,0","999,0","999,0","999,0","999,0","999,0","999,0","999,0","999,0","999,0","999,0","999,0","999,0","999,0","999,0","999,0","999,0","999,0","999,0","999,0","999,0","999,0","999,0","999,0","999,0","999,0","999,0","999,0","999,0","999,0","999,0",,,
712,Ocara,FAZ.NOVA CIOMA,"-4,4925","-38,555555555556",2023,1,"999,0","999,0","999,0","999,0","999,0","999,0","999,0","999,0","999,0","999,0","999,0","999,0","999,0","999,0","999,0","999,0","999,0","999,0","999,0","999,0","999,0","999,0","999,0","999,0","999,0","999,0","999,0","999,0","999,0","999,0","999,0","999,0",,,
712,Ocara,FAZ.NOVA CIOMA,"-4,4925","-38,555555555556",2023,2,"999,0","999,0","999,0","999,0","999,0","999,0","999,0","999,0","999,0","999,0","999,0","999,0","999,0","999,0","999,0","999,0","999,0","999,0","999,0","999,0","999,0","999,0","999,0","999,0","999,0","999,0","999,0","999,0","999,0","999,0","999,0","999,0",,,
712,Ocara,FAZ.NOVA CIOMA,"-4,4925","-38,555555555556",2023,3,"999,0","999,0","999,0","999,0","999,0","999,0","999,0","999,0","999,0","999,0","999,0","999,0","999,0","999,0","999,0","999,0","999,0","999,0","999,0","999,0","999,0","999,0","999,0","999,0","999,0","999,0","999,0","999,0","999,0","999,0","999,0","999,0",,,
712,Ocara,FAZ.NOVA CIOMA,"-4,4925","-38,555555555556",2023,4,"999,0","999,0","999,0","999,0","999,0","999,0","999,0","999,0","999,0","999,0","999,0","999,0","999,0","999,0","999,0","999,0","999,0","999,0","999,0","999,0","999,0","999,0","999,0","999,0","999,0","999,0","999,0","999,0","999,0","999,0","999,0","999,0",,,
712,Ocara,FAZ.NOVA CIOMA,"-4,4925","-38,555555555556",2023,5,"999,0","999,0","999,0","999,0","999,0","999,0","999,0","999,0","999,0","999,0","999,0","999,0","999,0","999,0","999,0","999,0","999,0","999,0","999,0","999,0","999,0","999,0","999,0","999,0","999,0","999,0","999,0","999,0","999,0","999,0","999,0","999,0",,,
712,Ocara,FAZ.NOVA CIOMA,"-4,4925","-38,555555555556",2023,6,"999,0","999,0","999,0","999,0","999,0","999,0","999,0","999,0","999,0","999,0","999,0","999,0","999,0","999,0","999,0","999,0","999,0","999,0","999,0","999,0","999,0","999,0","999,0","999,0","999,0","999,0","999,0","999,0","999,0","999,0","999,0","999,0",,,
712,Ocara,FAZ.NOVA CIOMA,"-4,4925","-38,555555555556",2023,7,"999,0","999,0","999,0","999,0","999,0","999,0","999,0","999,0","999,0","999,0","999,0","999,0","999,0","999,0","999,0","999,0","999,0","999,0","999,0","999,0","999,0","999,0","999,0","999,0","999,0","999,0","999,0","999,0","999,0","999,0","999,0","999,0",,,
712,Ocara,FAZ.NOVA CIOMA,"-4,4925","-38,555555555556",2023,8,"999,0","999,0","999,0","999,0","999,0","999,0","999,0","999,0","999,0","999,0","999,0","999,0","999,0","999,0","999,0","999,0","999,0","999,0","999,0","999,0","999,0","999,0","999,0","999,0","999,0","999,0","999,0","999,0","999,0","999,0","999,0","999,0",,,
712,Ocara,FAZ.NOVA CIOMA,"-4,4925","-38,555555555556",2023,9,"999,0","999,0","999,0","999,0","999,0","999,0","999,0","999,0","999,0","999,0","999,0","999,0","999,0","999,0","999,0","999,0","999,0","999,0","999,0","999,0","999,0","999,0","999,0","999,0","999,0","999,0","999,0","999,0","999,0","999,0","999,0","999,0",,,
712,Ocara,FAZ.NOVA CIOMA,"-4,4925","-38,555555555556",2023,10,"999,0","999,0","999,0","999,0","999,0","999,0","999,0","999,0","999,0","999,0","999,0","999,0","999,0","999,0","999,0","999,0","999,0","999,0","999,0","999,0","999,0","999,0","999,0","999,0","999,0","999,0","999,0","999,0","999,0","999,0","999,0","999,0",,,
712,Ocara,FAZ.NOVA CIOMA,"-4,4925","-38,555555555556",2023,11,"999,0","999,0","999,0","999,0","999,0","999,0","999,0","999,0","999,0","999,0","999,0","999,0","999,0","999,0","999,0","999,0","999,0","999,0","999,0","999,0","999,0","999,0","999,0","999,0","999,0","999,0","999,0","999,0","999,0","999,0","999,0","999,0",,,
712,Ocara,FAZ.NOVA CIOMA,"-4,4925","-38,555555555556",2023,12,"999,0","999,0","999,0","999,0","999,0","999,0","999,0","999,0","999,0","999,0","999,0","999,0","999,0","999,0","999,0","999,0","999,0","999,0","999,0","999,0","999,0","999,0","999,0","999,0","999,0","999,0","999,0","999,0","999,0","999,0","999,0","999,0",,,
712,Ocara,FAZ.NOVA CIOMA,"-4,4925","-38,555555555556",2024,1,"999,0","999,0","999,0","999,0","999,0","999,0","999,0","999,0","999,0","999,0","999,0","999,0","999,0","999,0","999,0","999,0","999,0","999,0","999,0","999,0","999,0","999,0","999,0","999,0","999,0","999,0","999,0","999,0","999,0","999,0","999,0","999,0",,,
712,Ocara,FAZ.NOVA CIOMA,"-4,4925","-38,555555555556",2024,2,"999,0","999,0","999,0","999,0","999,0","999,0","999,0","999,0","999,0","999,0","999,0","999,0","999,0","999,0","999,0","999,0","999,0","999,0","999,0","999,0","999,0","999,0","999,0","999,0","999,0","999,0","999,0","999,0","999,0","999,0","999,0","999,0",,,
712,Ocara,FAZ.NOVA CIOMA,"-4,4925","-38,555555555556",2024,3,"999,0","999,0","999,0","999,0","999,0","999,0","999,0","999,0","999,0","999,0","999,0","999,0","999,0","999,0","999,0","999,0","999,0","999,0","999,0","999,0","999,0","999,0","999,0","999,0","999,0","999,0","999,0","999,0","999,0","999,0","999,0","999,0",,,
712,Ocara,FAZ.NOVA CIOMA,"-4,4925","-38,555555555556",2024,4,"999,0","999,0","999,0","999,0","999,0","999,0","999,0","999,0","999,0","999,0","999,0","999,0","999,0","999,0","999,0","999,0","999,0","999,0","999,0","999,0","999,0","999,0","999,0","999,0","999,0","999,0","999,0","999,0","999,0","999,0","999,0","999,0",,,
712,Ocara,FAZ.NOVA CIOMA,"-4,4925","-38,555555555556",2024,5,"999,0","999,0","999,0","999,0","999,0","999,0","999,0","999,0","999,0","999,0","999,0","999,0","999,0","999,0","999,0","999,0","999,0","999,0","999,0","999,0","999,0","999,0","999,0","999,0","999,0","999,0","999,0","999,0","999,0","999,0","999,0","999,0",,,
712,Ocara,FAZ.NOVA CIOMA,"-4,4925","-38,555555555556",2024,6,"0,0","999,0","999,0","999,0","999,0","999,0","999,0","999,0","999,0","999,0","999,0","999,0","999,0","999,0","999,0","999,0","999,0","999,0","999,0","999,0","999,0","999,0","999,0","999,0","999,0","999,0","999,0","999,0","999,0","999,0","999,0","888,0","2003,0","2024,0","1,0"
712,Ocara,FAZ.NOVA CIOMA,"-4,4925","-38,555555555556",2024,7,"999,0","999,0","999,0","999,0","999,0","999,0","999,0","999,0","999,0","999,0","999,0","999,0","999,0","999,0","999,0","999,0","999,0","999,0","999,0","999,0","999,0","999,0","999,0","999,0","999,0","999,0","999,0","999,0","999,0","999,0","999,0","999,0",,,
712,Ocara,FAZ.NOVA CIOMA,"-4,4925","-38,555555555556",2024,8,"999,0","999,0","999,0","999,0","999,0","999,0","999,0","999,0","999,0","999,0","999,0","999,0","999,0","999,0","999,0","999,0","999,0","999,0","999,0","999,0","999,0","999,0","999,0","999,0","999,0","999,0","999,0","999,0","999,0","999,0","999,0","999,0",,,
712,Ocara,FAZ.NOVA CIOMA,"-4,4925","-38,555555555556",2024,9,"999,0","999,0","999,0","999,0","999,0","999,0","999,0","999,0","999,0","999,0","999,0","999,0","999,0","999,0","999,0","999,0","999,0","999,0","999,0","999,0","999,0","999,0","999,0","999,0","999,0","999,0","999,0","999,0","999,0","999,0","999,0","999,0",,,
712,Ocara,FAZ.NOVA CIOMA,"-4,4925","-38,555555555556",2024,10,"999,0","999,0","999,0","999,0","999,0","999,0","999,0","999,0","999,0","999,0","999,0","999,0","999,0","999,0","999,0","999,0","999,0","999,0","999,0","999,0","999,0","999,0","999,0","999,0","999,0","999,0","999,0","999,0","999,0","999,0","999,0","999,0",,,
712,Ocara,FAZ.NOVA CIOMA,"-4,4925","-38,555555555556",2024,11,"999,0","999,0","999,0","999,0","999,0","999,0","999,0","999,0","999,0","999,0","999,0","999,0","999,0","999,0","999,0","999,0","999,0","999,0","999,0","999,0","999,0","999,0","999,0","999,0","999,0","999,0","999,0","999,0","999,0","999,0","999,0","999,0",,,
712,Ocara,FAZ.NOVA CIOMA,"-4,4925","-38,555555555556",2024,12,"999,0","999,0","999,0","999,0","999,0","999,0","999,0","999,0","999,0","999,0","999,0","999,0","999,0","999,0","999,0","999,0","999,0","999,0","999,0","999,0","999,0","999,0","999,0","999,0","999,0","999,0","999,0","999,0","999,0","999,0","999,0","999,0",,,
